target_time_local,target_time_utc,issue_time_utc,lead_h,p10,p50,p90,p50_mw
2026-01-31T01:00:00+05:00,2026-01-30T20:00:00Z,2026-01-30T19:00:00Z,1,0.01609,0.435481,0.858213,2.177405
2026-01-31T02:00:00+05:00,2026-01-30T21:00:00Z,2026-01-30T19:00:00Z,2,0.138183,0.540924,0.916501,2.70462
2026-01-31T03:00:00+05:00,2026-01-30T22:00:00Z,2026-01-30T19:00:00Z,3,0.186061,0.581541,0.945434,2.907705
2026-01-31T04:00:00+05:00,2026-01-30T23:00:00Z,2026-01-30T19:00:00Z,4,0.278592,0.627639,0.966929,3.138195
2026-01-31T05:00:00+05:00,2026-01-31T00:00:00Z,2026-01-30T19:00:00Z,5,0.360445,0.732828,0.976592,3.66414
2026-01-31T06:00:00+05:00,2026-01-31T01:00:00Z,2026-01-30T19:00:00Z,6,0.342882,0.738987,0.97758,3.694935
2026-01-31T07:00:00+05:00,2026-01-31T02:00:00Z,2026-01-30T19:00:00Z,7,0.448553,0.758808,0.982,3.79404
2026-01-31T08:00:00+05:00,2026-01-31T03:00:00Z,2026-01-30T19:00:00Z,8,0.466829,0.778485,0.981532,3.892425
2026-01-31T09:00:00+05:00,2026-01-31T04:00:00Z,2026-01-30T19:00:00Z,9,0.496518,0.786221,0.978684,3.931105
2026-01-31T10:00:00+05:00,2026-01-31T05:00:00Z,2026-01-30T19:00:00Z,10,0.548451,0.815204,0.981444,4.07602
2026-01-31T11:00:00+05:00,2026-01-31T06:00:00Z,2026-01-30T19:00:00Z,11,0.563632,0.815812,0.978897,4.07906
2026-01-31T12:00:00+05:00,2026-01-31T07:00:00Z,2026-01-30T19:00:00Z,12,0.620894,0.81692,0.978092,4.0846
2026-01-31T13:00:00+05:00,2026-01-31T08:00:00Z,2026-01-30T19:00:00Z,13,0.620537,0.817052,0.977671,4.08526
2026-01-31T14:00:00+05:00,2026-01-31T09:00:00Z,2026-01-30T19:00:00Z,14,0.639956,0.817123,0.977566,4.085615
2026-01-31T15:00:00+05:00,2026-01-31T10:00:00Z,2026-01-30T19:00:00Z,15,0.520811,0.790739,0.976032,3.953695
2026-01-31T16:00:00+05:00,2026-01-31T11:00:00Z,2026-01-30T19:00:00Z,16,0.32244,0.721122,0.967985,3.60561
2026-01-31T17:00:00+05:00,2026-01-31T12:00:00Z,2026-01-30T19:00:00Z,17,0.313261,0.689869,0.970816,3.449345
2026-01-31T18:00:00+05:00,2026-01-31T13:00:00Z,2026-01-30T19:00:00Z,18,0.143661,0.528466,0.89482,2.64233
2026-01-31T19:00:00+05:00,2026-01-31T14:00:00Z,2026-01-30T19:00:00Z,19,0.0,0.269658,0.679428,1.34829
2026-01-31T20:00:00+05:00,2026-01-31T15:00:00Z,2026-01-30T19:00:00Z,20,0.0,0.254292,0.724034,1.27146
2026-01-31T21:00:00+05:00,2026-01-31T16:00:00Z,2026-01-30T19:00:00Z,21,0.0,0.17327,0.581034,0.86635
2026-01-31T22:00:00+05:00,2026-01-31T17:00:00Z,2026-01-30T19:00:00Z,22,0.0,0.059101,0.319011,0.295505
2026-01-31T23:00:00+05:00,2026-01-31T18:00:00Z,2026-01-30T19:00:00Z,23,0.0,0.040924,0.282109,0.20462
2026-02-01T00:00:00+05:00,2026-01-31T19:00:00Z,2026-01-30T19:00:00Z,24,0.0,0.038118,0.278268,0.19059
2026-02-01T01:00:00+05:00,2026-01-31T20:00:00Z,2026-01-30T19:00:00Z,25,0.0,0.051056,0.325103,0.25528
2026-02-01T02:00:00+05:00,2026-01-31T21:00:00Z,2026-01-30T19:00:00Z,26,0.0,0.033917,0.264983,0.169585
2026-02-01T03:00:00+05:00,2026-01-31T22:00:00Z,2026-01-30T19:00:00Z,27,0.0,0.042801,0.289479,0.214005
2026-02-01T04:00:00+05:00,2026-01-31T23:00:00Z,2026-01-30T19:00:00Z,28,0.0,0.054419,0.293832,0.272095
2026-02-01T05:00:00+05:00,2026-02-01T00:00:00Z,2026-01-30T19:00:00Z,29,0.0,0.04564,0.268645,0.2282
2026-02-01T06:00:00+05:00,2026-02-01T01:00:00Z,2026-01-30T19:00:00Z,30,0.0,0.032274,0.215188,0.16137
2026-02-01T07:00:00+05:00,2026-02-01T02:00:00Z,2026-01-30T19:00:00Z,31,0.0,0.049275,0.280535,0.246375
2026-02-01T08:00:00+05:00,2026-02-01T03:00:00Z,2026-01-30T19:00:00Z,32,0.0,0.077135,0.352208,0.385675
2026-02-01T09:00:00+05:00,2026-02-01T04:00:00Z,2026-01-30T19:00:00Z,33,0.0,0.095494,0.336159,0.47747
2026-02-01T10:00:00+05:00,2026-02-01T05:00:00Z,2026-01-30T19:00:00Z,34,0.0,0.071563,0.279835,0.357815
2026-02-01T11:00:00+05:00,2026-02-01T06:00:00Z,2026-01-30T19:00:00Z,35,0.0,0.114831,0.434655,0.574155
2026-02-01T12:00:00+05:00,2026-02-01T07:00:00Z,2026-01-30T19:00:00Z,36,0.0,0.206406,0.566365,1.03203
2026-02-01T13:00:00+05:00,2026-02-01T08:00:00Z,2026-01-30T19:00:00Z,37,0.0,0.204928,0.578617,1.02464
2026-02-01T14:00:00+05:00,2026-02-01T09:00:00Z,2026-01-30T19:00:00Z,38,0.0,0.372152,0.850379,1.86076
2026-02-01T15:00:00+05:00,2026-02-01T10:00:00Z,2026-01-30T19:00:00Z,39,0.0,0.225592,0.601704,1.12796
2026-02-01T16:00:00+05:00,2026-02-01T11:00:00Z,2026-01-30T19:00:00Z,40,0.0,0.312411,0.729742,1.562055
2026-02-01T17:00:00+05:00,2026-02-01T12:00:00Z,2026-01-30T19:00:00Z,41,0.0,0.159333,0.531231,0.796665
2026-02-01T18:00:00+05:00,2026-02-01T13:00:00Z,2026-01-30T19:00:00Z,42,0.0,0.162364,0.496311,0.81182
2026-02-01T19:00:00+05:00,2026-02-01T14:00:00Z,2026-01-30T19:00:00Z,43,0.0,0.160486,0.501358,0.80243
2026-02-01T20:00:00+05:00,2026-02-01T15:00:00Z,2026-01-30T19:00:00Z,44,0.0,0.173288,0.522729,0.86644
2026-02-01T21:00:00+05:00,2026-02-01T16:00:00Z,2026-01-30T19:00:00Z,45,0.0,0.175926,0.527867,0.87963
2026-02-01T22:00:00+05:00,2026-02-01T17:00:00Z,2026-01-30T19:00:00Z,46,0.0,0.143788,0.473932,0.71894
2026-02-01T23:00:00+05:00,2026-02-01T18:00:00Z,2026-01-30T19:00:00Z,47,0.0,0.091639,0.34534,0.458195
2026-02-02T00:00:00+05:00,2026-02-01T19:00:00Z,2026-01-30T19:00:00Z,48,0.0,0.076162,0.316943,0.38081
2026-02-01T01:00:00+05:00,2026-01-31T20:00:00Z,2026-01-31T19:00:00Z,1,0.0,0.033653,0.238704,0.168265
2026-02-01T02:00:00+05:00,2026-01-31T21:00:00Z,2026-01-31T19:00:00Z,2,0.0,0.030185,0.228345,0.150925
2026-02-01T03:00:00+05:00,2026-01-31T22:00:00Z,2026-01-31T19:00:00Z,3,0.0,0.029919,0.224918,0.149595
2026-02-01T04:00:00+05:00,2026-01-31T23:00:00Z,2026-01-31T19:00:00Z,4,0.0,0.046508,0.270722,0.23254
2026-02-01T05:00:00+05:00,2026-02-01T00:00:00Z,2026-01-31T19:00:00Z,5,0.0,0.075223,0.34608,0.376115
2026-02-01T06:00:00+05:00,2026-02-01T01:00:00Z,2026-01-31T19:00:00Z,6,0.0,0.093523,0.380076,0.467615
2026-02-01T07:00:00+05:00,2026-02-01T02:00:00Z,2026-01-31T19:00:00Z,7,0.0,0.078378,0.352487,0.39189
2026-02-01T08:00:00+05:00,2026-02-01T03:00:00Z,2026-01-31T19:00:00Z,8,0.0,0.109707,0.399003,0.548535
2026-02-01T09:00:00+05:00,2026-02-01T04:00:00Z,2026-01-31T19:00:00Z,9,0.0,0.173242,0.502617,0.86621
2026-02-01T10:00:00+05:00,2026-02-01T05:00:00Z,2026-01-31T19:00:00Z,10,0.0,0.154643,0.482289,0.773215
2026-02-01T11:00:00+05:00,2026-02-01T06:00:00Z,2026-01-31T19:00:00Z,11,0.0,0.117632,0.441905,0.58816
2026-02-01T12:00:00+05:00,2026-02-01T07:00:00Z,2026-01-31T19:00:00Z,12,0.0,0.084711,0.350164,0.423555
2026-02-01T13:00:00+05:00,2026-02-01T08:00:00Z,2026-01-31T19:00:00Z,13,0.0,0.099844,0.354175,0.49922
2026-02-01T14:00:00+05:00,2026-02-01T09:00:00Z,2026-01-31T19:00:00Z,14,0.0,0.089514,0.378449,0.44757
2026-02-01T15:00:00+05:00,2026-02-01T10:00:00Z,2026-01-31T19:00:00Z,15,0.0,0.112441,0.446175,0.562205
2026-02-01T16:00:00+05:00,2026-02-01T11:00:00Z,2026-01-31T19:00:00Z,16,0.0,0.170414,0.554694,0.85207
2026-02-01T17:00:00+05:00,2026-02-01T12:00:00Z,2026-01-31T19:00:00Z,17,0.0,0.2197,0.610346,1.0985
2026-02-01T18:00:00+05:00,2026-02-01T13:00:00Z,2026-01-31T19:00:00Z,18,0.0,0.239555,0.636605,1.197775
2026-02-01T19:00:00+05:00,2026-02-01T14:00:00Z,2026-01-31T19:00:00Z,19,0.0,0.157577,0.482131,0.787885
2026-02-01T20:00:00+05:00,2026-02-01T15:00:00Z,2026-01-31T19:00:00Z,20,0.0,0.214846,0.544967,1.07423
2026-02-01T21:00:00+05:00,2026-02-01T16:00:00Z,2026-01-31T19:00:00Z,21,0.0,0.251305,0.595382,1.256525
2026-02-01T22:00:00+05:00,2026-02-01T17:00:00Z,2026-01-31T19:00:00Z,22,0.0,0.232018,0.596912,1.16009
2026-02-01T23:00:00+05:00,2026-02-01T18:00:00Z,2026-01-31T19:00:00Z,23,0.0,0.13327,0.414374,0.66635
2026-02-02T00:00:00+05:00,2026-02-01T19:00:00Z,2026-01-31T19:00:00Z,24,0.0,0.147403,0.468951,0.737015
2026-02-02T01:00:00+05:00,2026-02-01T20:00:00Z,2026-01-31T19:00:00Z,25,0.0,0.171118,0.510959,0.85559
2026-02-02T02:00:00+05:00,2026-02-01T21:00:00Z,2026-01-31T19:00:00Z,26,0.0,0.181821,0.525506,0.909105
2026-02-02T03:00:00+05:00,2026-02-01T22:00:00Z,2026-01-31T19:00:00Z,27,0.0,0.291135,0.613427,1.455675
2026-02-02T04:00:00+05:00,2026-02-01T23:00:00Z,2026-01-31T19:00:00Z,28,0.001785,0.358562,0.734995,1.79281
2026-02-02T05:00:00+05:00,2026-02-02T00:00:00Z,2026-01-31T19:00:00Z,29,0.084933,0.46535,0.867692,2.32675
2026-02-02T06:00:00+05:00,2026-02-02T01:00:00Z,2026-01-31T19:00:00Z,30,0.117365,0.498696,0.901075,2.49348
2026-02-02T07:00:00+05:00,2026-02-02T02:00:00Z,2026-01-31T19:00:00Z,31,0.099447,0.485702,0.898775,2.42851
2026-02-02T08:00:00+05:00,2026-02-02T03:00:00Z,2026-01-31T19:00:00Z,32,0.134556,0.510982,0.928676,2.55491
2026-02-02T09:00:00+05:00,2026-02-02T04:00:00Z,2026-01-31T19:00:00Z,33,0.124768,0.551278,0.95421,2.75639
2026-02-02T10:00:00+05:00,2026-02-02T05:00:00Z,2026-01-31T19:00:00Z,34,0.250075,0.681181,0.96813,3.405905
2026-02-02T11:00:00+05:00,2026-02-02T06:00:00Z,2026-01-31T19:00:00Z,35,0.309228,0.706843,0.966719,3.534215
2026-02-02T12:00:00+05:00,2026-02-02T07:00:00Z,2026-01-31T19:00:00Z,36,0.426045,0.765172,0.974906,3.82586
2026-02-02T13:00:00+05:00,2026-02-02T08:00:00Z,2026-01-31T19:00:00Z,37,0.463253,0.787135,0.976702,3.935675
2026-02-02T14:00:00+05:00,2026-02-02T09:00:00Z,2026-01-31T19:00:00Z,38,0.540771,0.79894,0.974729,3.9947
2026-02-02T15:00:00+05:00,2026-02-02T10:00:00Z,2026-01-31T19:00:00Z,39,0.489088,0.786663,0.975842,3.933315
2026-02-02T16:00:00+05:00,2026-02-02T11:00:00Z,2026-01-31T19:00:00Z,40,0.403128,0.770571,0.976326,3.852855
2026-02-02T17:00:00+05:00,2026-02-02T12:00:00Z,2026-01-31T19:00:00Z,41,0.142441,0.563705,0.946397,2.818525
2026-02-02T18:00:00+05:00,2026-02-02T13:00:00Z,2026-01-31T19:00:00Z,42,0.0,0.369742,0.788053,1.84871
2026-02-02T19:00:00+05:00,2026-02-02T14:00:00Z,2026-01-31T19:00:00Z,43,0.035634,0.35123,0.803418,1.75615
2026-02-02T20:00:00+05:00,2026-02-02T15:00:00Z,2026-01-31T19:00:00Z,44,0.0,0.237074,0.689414,1.18537
2026-02-02T21:00:00+05:00,2026-02-02T16:00:00Z,2026-01-31T19:00:00Z,45,0.0,0.259065,0.764563,1.295325
2026-02-02T22:00:00+05:00,2026-02-02T17:00:00Z,2026-01-31T19:00:00Z,46,0.0,0.169503,0.546002,0.847515
2026-02-02T23:00:00+05:00,2026-02-02T18:00:00Z,2026-01-31T19:00:00Z,47,0.0,0.165961,0.574134,0.829805
2026-02-03T00:00:00+05:00,2026-02-02T19:00:00Z,2026-01-31T19:00:00Z,48,0.0,0.15785,0.518233,0.78925
2026-02-02T01:00:00+05:00,2026-02-01T20:00:00Z,2026-02-01T19:00:00Z,1,0.0,0.198127,0.529254,0.990635
2026-02-02T02:00:00+05:00,2026-02-01T21:00:00Z,2026-02-01T19:00:00Z,2,0.0,0.244084,0.558267,1.22042
2026-02-02T03:00:00+05:00,2026-02-01T22:00:00Z,2026-02-01T19:00:00Z,3,0.0,0.340698,0.743271,1.70349
2026-02-02T04:00:00+05:00,2026-02-01T23:00:00Z,2026-02-01T19:00:00Z,4,0.034948,0.398807,0.817159,1.994035
2026-02-02T05:00:00+05:00,2026-02-02T00:00:00Z,2026-02-01T19:00:00Z,5,0.20148,0.583128,0.954117,2.91564
2026-02-02T06:00:00+05:00,2026-02-02T01:00:00Z,2026-02-01T19:00:00Z,6,0.191125,0.56971,0.951121,2.84855
2026-02-02T07:00:00+05:00,2026-02-02T02:00:00Z,2026-02-01T19:00:00Z,7,0.128982,0.549021,0.932848,2.745105
2026-02-02T08:00:00+05:00,2026-02-02T03:00:00Z,2026-02-01T19:00:00Z,8,0.240832,0.631842,0.972671,3.15921
2026-02-02T09:00:00+05:00,2026-02-02T04:00:00Z,2026-02-01T19:00:00Z,9,0.263874,0.681428,0.968287,3.40714
2026-02-02T10:00:00+05:00,2026-02-02T05:00:00Z,2026-02-01T19:00:00Z,10,0.293957,0.708168,0.967516,3.54084
2026-02-02T11:00:00+05:00,2026-02-02T06:00:00Z,2026-02-01T19:00:00Z,11,0.400637,0.749769,0.976182,3.748845
2026-02-02T12:00:00+05:00,2026-02-02T07:00:00Z,2026-02-01T19:00:00Z,12,0.482936,0.784317,0.973367,3.921585
2026-02-02T13:00:00+05:00,2026-02-02T08:00:00Z,2026-02-01T19:00:00Z,13,0.59522,0.80106,0.973711,4.0053
2026-02-02T14:00:00+05:00,2026-02-02T09:00:00Z,2026-02-01T19:00:00Z,14,0.593224,0.801337,0.974008,4.006685
2026-02-02T15:00:00+05:00,2026-02-02T10:00:00Z,2026-02-01T19:00:00Z,15,0.616761,0.807686,0.978024,4.03843
2026-02-02T16:00:00+05:00,2026-02-02T11:00:00Z,2026-02-01T19:00:00Z,16,0.42311,0.751991,0.973975,3.759955
2026-02-02T17:00:00+05:00,2026-02-02T12:00:00Z,2026-02-01T19:00:00Z,17,0.263516,0.625788,0.959431,3.12894
2026-02-02T18:00:00+05:00,2026-02-02T13:00:00Z,2026-02-01T19:00:00Z,18,0.074966,0.467997,0.872515,2.339985
2026-02-02T19:00:00+05:00,2026-02-02T14:00:00Z,2026-02-01T19:00:00Z,19,0.0,0.152511,0.482905,0.762555
2026-02-02T20:00:00+05:00,2026-02-02T15:00:00Z,2026-02-01T19:00:00Z,20,0.0,0.110083,0.402141,0.550415
2026-02-02T21:00:00+05:00,2026-02-02T16:00:00Z,2026-02-01T19:00:00Z,21,0.0,0.149329,0.438968,0.746645
2026-02-02T22:00:00+05:00,2026-02-02T17:00:00Z,2026-02-01T19:00:00Z,22,0.0,0.289327,0.658262,1.446635
2026-02-02T23:00:00+05:00,2026-02-02T18:00:00Z,2026-02-01T19:00:00Z,23,0.0,0.273992,0.684172,1.36996
2026-02-03T00:00:00+05:00,2026-02-02T19:00:00Z,2026-02-01T19:00:00Z,24,0.032839,0.332709,0.735038,1.663545
2026-02-03T01:00:00+05:00,2026-02-02T20:00:00Z,2026-02-01T19:00:00Z,25,0.0,0.2264,0.602076,1.132
2026-02-03T02:00:00+05:00,2026-02-02T21:00:00Z,2026-02-01T19:00:00Z,26,0.015826,0.38571,0.786011,1.92855
2026-02-03T03:00:00+05:00,2026-02-02T22:00:00Z,2026-02-01T19:00:00Z,27,0.016536,0.430241,0.823,2.151205
2026-02-03T04:00:00+05:00,2026-02-02T23:00:00Z,2026-02-01T19:00:00Z,28,0.0,0.365363,0.773397,1.826815
2026-02-03T05:00:00+05:00,2026-02-03T00:00:00Z,2026-02-01T19:00:00Z,29,0.0,0.207975,0.551874,1.039875
2026-02-03T06:00:00+05:00,2026-02-03T01:00:00Z,2026-02-01T19:00:00Z,30,0.0,0.055151,0.259597,0.275755
2026-02-03T07:00:00+05:00,2026-02-03T02:00:00Z,2026-02-01T19:00:00Z,31,0.0,0.108326,0.430476,0.54163
2026-02-03T08:00:00+05:00,2026-02-03T03:00:00Z,2026-02-01T19:00:00Z,32,0.0,0.106532,0.359505,0.53266
2026-02-03T09:00:00+05:00,2026-02-03T04:00:00Z,2026-02-01T19:00:00Z,33,0.0,0.05163,0.302257,0.25815
2026-02-03T10:00:00+05:00,2026-02-03T05:00:00Z,2026-02-01T19:00:00Z,34,0.0,0.025117,0.216044,0.125585
2026-02-03T11:00:00+05:00,2026-02-03T06:00:00Z,2026-02-01T19:00:00Z,35,0.0,0.032418,0.226911,0.16209
2026-02-03T12:00:00+05:00,2026-02-03T07:00:00Z,2026-02-01T19:00:00Z,36,0.0,0.025261,0.209521,0.126305
2026-02-03T13:00:00+05:00,2026-02-03T08:00:00Z,2026-02-01T19:00:00Z,37,0.0,0.044374,0.259247,0.22187
2026-02-03T14:00:00+05:00,2026-02-03T09:00:00Z,2026-02-01T19:00:00Z,38,0.0,0.032727,0.226377,0.163635
2026-02-03T15:00:00+05:00,2026-02-03T10:00:00Z,2026-02-01T19:00:00Z,39,0.0,0.064422,0.36082,0.32211
2026-02-03T16:00:00+05:00,2026-02-03T11:00:00Z,2026-02-01T19:00:00Z,40,0.0,0.095765,0.399602,0.478825
2026-02-03T17:00:00+05:00,2026-02-03T12:00:00Z,2026-02-01T19:00:00Z,41,0.005889,0.343262,0.818666,1.71631
2026-02-03T18:00:00+05:00,2026-02-03T13:00:00Z,2026-02-01T19:00:00Z,42,0.0,0.293913,0.760976,1.469565
2026-02-03T19:00:00+05:00,2026-02-03T14:00:00Z,2026-02-01T19:00:00Z,43,0.0,0.221129,0.622097,1.105645
2026-02-03T20:00:00+05:00,2026-02-03T15:00:00Z,2026-02-01T19:00:00Z,44,0.0,0.161484,0.533008,0.80742
2026-02-03T21:00:00+05:00,2026-02-03T16:00:00Z,2026-02-01T19:00:00Z,45,0.0,0.150796,0.555466,0.75398
2026-02-03T22:00:00+05:00,2026-02-03T17:00:00Z,2026-02-01T19:00:00Z,46,0.0,0.17368,0.611889,0.8684
2026-02-03T23:00:00+05:00,2026-02-03T18:00:00Z,2026-02-01T19:00:00Z,47,0.0,0.149156,0.484988,0.74578
2026-02-04T00:00:00+05:00,2026-02-03T19:00:00Z,2026-02-01T19:00:00Z,48,0.0,0.163508,0.553046,0.81754
2026-02-03T01:00:00+05:00,2026-02-02T20:00:00Z,2026-02-02T19:00:00Z,1,0.0,0.242177,0.614772,1.210885
2026-02-03T02:00:00+05:00,2026-02-02T21:00:00Z,2026-02-02T19:00:00Z,2,0.050827,0.418517,0.830768,2.092585
2026-02-03T03:00:00+05:00,2026-02-02T22:00:00Z,2026-02-02T19:00:00Z,3,0.101208,0.451594,0.857839,2.25797
2026-02-03T04:00:00+05:00,2026-02-02T23:00:00Z,2026-02-02T19:00:00Z,4,0.112725,0.475113,0.871168,2.375565
2026-02-03T05:00:00+05:00,2026-02-03T00:00:00Z,2026-02-02T19:00:00Z,5,0.034046,0.402605,0.773307,2.013025
2026-02-03T06:00:00+05:00,2026-02-03T01:00:00Z,2026-02-02T19:00:00Z,6,0.0,0.318178,0.770382,1.59089
2026-02-03T07:00:00+05:00,2026-02-03T02:00:00Z,2026-02-02T19:00:00Z,7,0.0,0.135644,0.479492,0.67822
2026-02-03T08:00:00+05:00,2026-02-03T03:00:00Z,2026-02-02T19:00:00Z,8,0.0,0.087737,0.351987,0.438685
2026-02-03T09:00:00+05:00,2026-02-03T04:00:00Z,2026-02-02T19:00:00Z,9,0.0,0.03056,0.245138,0.1528
2026-02-03T10:00:00+05:00,2026-02-03T05:00:00Z,2026-02-02T19:00:00Z,10,0.0,0.028721,0.239305,0.143605
2026-02-03T11:00:00+05:00,2026-02-03T06:00:00Z,2026-02-02T19:00:00Z,11,0.0,0.031681,0.234091,0.158405
2026-02-03T12:00:00+05:00,2026-02-03T07:00:00Z,2026-02-02T19:00:00Z,12,0.0,0.021071,0.186155,0.105355
2026-02-03T13:00:00+05:00,2026-02-03T08:00:00Z,2026-02-02T19:00:00Z,13,0.0,0.021137,0.184693,0.105685
2026-02-03T14:00:00+05:00,2026-02-03T09:00:00Z,2026-02-02T19:00:00Z,14,0.0,0.021058,0.19321,0.10529
2026-02-03T15:00:00+05:00,2026-02-03T10:00:00Z,2026-02-02T19:00:00Z,15,0.0,0.037164,0.257027,0.18582
2026-02-03T16:00:00+05:00,2026-02-03T11:00:00Z,2026-02-02T19:00:00Z,16,0.0,0.132003,0.395683,0.660015
2026-02-03T17:00:00+05:00,2026-02-03T12:00:00Z,2026-02-02T19:00:00Z,17,0.0,0.2098,0.68546,1.049
2026-02-03T18:00:00+05:00,2026-02-03T13:00:00Z,2026-02-02T19:00:00Z,18,0.018511,0.352573,0.862634,1.762865
2026-02-03T19:00:00+05:00,2026-02-03T14:00:00Z,2026-02-02T19:00:00Z,19,0.053569,0.422665,0.910893,2.113325
2026-02-03T20:00:00+05:00,2026-02-03T15:00:00Z,2026-02-02T19:00:00Z,20,0.043292,0.382634,0.900604,1.91317
2026-02-03T21:00:00+05:00,2026-02-03T16:00:00Z,2026-02-02T19:00:00Z,21,0.079145,0.439466,0.917565,2.19733
2026-02-03T22:00:00+05:00,2026-02-03T17:00:00Z,2026-02-02T19:00:00Z,22,0.0,0.261397,0.741516,1.306985
2026-02-03T23:00:00+05:00,2026-02-03T18:00:00Z,2026-02-02T19:00:00Z,23,0.0,0.232905,0.635074,1.164525
2026-02-04T00:00:00+05:00,2026-02-03T19:00:00Z,2026-02-02T19:00:00Z,24,0.0,0.213584,0.621175,1.06792
2026-02-04T01:00:00+05:00,2026-02-03T20:00:00Z,2026-02-02T19:00:00Z,25,0.0,0.254254,0.744785,1.27127
2026-02-04T02:00:00+05:00,2026-02-03T21:00:00Z,2026-02-02T19:00:00Z,26,0.0,0.238486,0.691375,1.19243
2026-02-04T03:00:00+05:00,2026-02-03T22:00:00Z,2026-02-02T19:00:00Z,27,0.004112,0.352074,0.7666,1.76037
2026-02-04T04:00:00+05:00,2026-02-03T23:00:00Z,2026-02-02T19:00:00Z,28,0.10193,0.465822,0.892534,2.32911
2026-02-04T05:00:00+05:00,2026-02-04T00:00:00Z,2026-02-02T19:00:00Z,29,0.042724,0.382422,0.818662,1.91211
2026-02-04T06:00:00+05:00,2026-02-04T01:00:00Z,2026-02-02T19:00:00Z,30,0.037795,0.413928,0.875413,2.06964
2026-02-04T07:00:00+05:00,2026-02-04T02:00:00Z,2026-02-02T19:00:00Z,31,0.060388,0.441689,0.863352,2.208445
2026-02-04T08:00:00+05:00,2026-02-04T03:00:00Z,2026-02-02T19:00:00Z,32,0.050589,0.412039,0.844243,2.060195
2026-02-04T09:00:00+05:00,2026-02-04T04:00:00Z,2026-02-02T19:00:00Z,33,0.0,0.31723,0.699328,1.58615
2026-02-04T10:00:00+05:00,2026-02-04T05:00:00Z,2026-02-02T19:00:00Z,34,0.0,0.244957,0.61239,1.224785
2026-02-04T11:00:00+05:00,2026-02-04T06:00:00Z,2026-02-02T19:00:00Z,35,0.0,0.200379,0.599446,1.001895
2026-02-04T12:00:00+05:00,2026-02-04T07:00:00Z,2026-02-02T19:00:00Z,36,0.0,0.163018,0.485426,0.81509
2026-02-04T13:00:00+05:00,2026-02-04T08:00:00Z,2026-02-02T19:00:00Z,37,0.0,0.18064,0.507,0.9032
2026-02-04T14:00:00+05:00,2026-02-04T09:00:00Z,2026-02-02T19:00:00Z,38,0.0,0.142655,0.52432,0.713275
2026-02-04T15:00:00+05:00,2026-02-04T10:00:00Z,2026-02-02T19:00:00Z,39,0.0,0.178859,0.531194,0.894295
2026-02-04T16:00:00+05:00,2026-02-04T11:00:00Z,2026-02-02T19:00:00Z,40,0.0,0.150816,0.479336,0.75408
2026-02-04T17:00:00+05:00,2026-02-04T12:00:00Z,2026-02-02T19:00:00Z,41,0.0,0.118883,0.40655,0.594415
2026-02-04T18:00:00+05:00,2026-02-04T13:00:00Z,2026-02-02T19:00:00Z,42,0.0,0.111749,0.415155,0.558745
2026-02-04T19:00:00+05:00,2026-02-04T14:00:00Z,2026-02-02T19:00:00Z,43,0.0,0.23264,0.715217,1.1632
2026-02-04T20:00:00+05:00,2026-02-04T15:00:00Z,2026-02-02T19:00:00Z,44,0.011315,0.338328,0.858434,1.69164
2026-02-04T21:00:00+05:00,2026-02-04T16:00:00Z,2026-02-02T19:00:00Z,45,0.034546,0.396322,0.872751,1.98161
2026-02-04T22:00:00+05:00,2026-02-04T17:00:00Z,2026-02-02T19:00:00Z,46,0.137873,0.52967,0.945797,2.64835
2026-02-04T23:00:00+05:00,2026-02-04T18:00:00Z,2026-02-02T19:00:00Z,47,0.387493,0.760696,0.974282,3.80348
2026-02-05T00:00:00+05:00,2026-02-04T19:00:00Z,2026-02-02T19:00:00Z,48,0.48311,0.787917,0.974736,3.939585
2026-02-04T01:00:00+05:00,2026-02-03T20:00:00Z,2026-02-03T19:00:00Z,1,0.089821,0.465204,0.873341,2.32602
2026-02-04T02:00:00+05:00,2026-02-03T21:00:00Z,2026-02-03T19:00:00Z,2,0.104435,0.475286,0.915673,2.37643
2026-02-04T03:00:00+05:00,2026-02-03T22:00:00Z,2026-02-03T19:00:00Z,3,0.13355,0.539116,0.937324,2.69558
2026-02-04T04:00:00+05:00,2026-02-03T23:00:00Z,2026-02-03T19:00:00Z,4,0.105595,0.510499,0.924532,2.552495
2026-02-04T05:00:00+05:00,2026-02-04T00:00:00Z,2026-02-03T19:00:00Z,5,0.183725,0.57148,0.94286,2.8574
2026-02-04T06:00:00+05:00,2026-02-04T01:00:00Z,2026-02-03T19:00:00Z,6,0.189549,0.613253,0.956608,3.066265
2026-02-04T07:00:00+05:00,2026-02-04T02:00:00Z,2026-02-03T19:00:00Z,7,0.114686,0.517727,0.943467,2.588635
2026-02-04T08:00:00+05:00,2026-02-04T03:00:00Z,2026-02-03T19:00:00Z,8,0.102283,0.472834,0.942739,2.36417
2026-02-04T09:00:00+05:00,2026-02-04T04:00:00Z,2026-02-03T19:00:00Z,9,0.035371,0.364728,0.874118,1.82364
2026-02-04T10:00:00+05:00,2026-02-04T05:00:00Z,2026-02-03T19:00:00Z,10,0.0,0.207427,0.658805,1.037135
2026-02-04T11:00:00+05:00,2026-02-04T06:00:00Z,2026-02-03T19:00:00Z,11,0.0,0.1919,0.538256,0.9595
2026-02-04T12:00:00+05:00,2026-02-04T07:00:00Z,2026-02-03T19:00:00Z,12,0.0,0.25163,0.674526,1.25815
2026-02-04T13:00:00+05:00,2026-02-04T08:00:00Z,2026-02-03T19:00:00Z,13,0.0,0.195035,0.609097,0.975175
2026-02-04T14:00:00+05:00,2026-02-04T09:00:00Z,2026-02-03T19:00:00Z,14,0.0,0.162012,0.601583,0.81006
2026-02-04T15:00:00+05:00,2026-02-04T10:00:00Z,2026-02-03T19:00:00Z,15,0.0,0.172115,0.644387,0.860575
2026-02-04T16:00:00+05:00,2026-02-04T11:00:00Z,2026-02-03T19:00:00Z,16,0.0,0.131941,0.572643,0.659705
2026-02-04T17:00:00+05:00,2026-02-04T12:00:00Z,2026-02-03T19:00:00Z,17,0.0,0.084208,0.371943,0.42104
2026-02-04T18:00:00+05:00,2026-02-04T13:00:00Z,2026-02-03T19:00:00Z,18,0.0,0.102912,0.370624,0.51456
2026-02-04T19:00:00+05:00,2026-02-04T14:00:00Z,2026-02-03T19:00:00Z,19,0.0,0.124475,0.454786,0.622375
2026-02-04T20:00:00+05:00,2026-02-04T15:00:00Z,2026-02-03T19:00:00Z,20,0.060421,0.413281,0.832353,2.066405
2026-02-04T21:00:00+05:00,2026-02-04T16:00:00Z,2026-02-03T19:00:00Z,21,0.269573,0.628249,0.967213,3.141245
2026-02-04T22:00:00+05:00,2026-02-04T17:00:00Z,2026-02-03T19:00:00Z,22,0.416166,0.748071,0.974183,3.740355
2026-02-04T23:00:00+05:00,2026-02-04T18:00:00Z,2026-02-03T19:00:00Z,23,0.280006,0.690084,0.969558,3.45042
2026-02-05T00:00:00+05:00,2026-02-04T19:00:00Z,2026-02-03T19:00:00Z,24,0.391123,0.730904,0.969468,3.65452
2026-02-05T01:00:00+05:00,2026-02-04T20:00:00Z,2026-02-03T19:00:00Z,25,0.53882,0.800629,0.975995,4.003145
2026-02-05T02:00:00+05:00,2026-02-04T21:00:00Z,2026-02-03T19:00:00Z,26,0.583197,0.808996,0.980607,4.04498
2026-02-05T03:00:00+05:00,2026-02-04T22:00:00Z,2026-02-03T19:00:00Z,27,0.605405,0.815236,0.983149,4.07618
2026-02-05T04:00:00+05:00,2026-02-04T23:00:00Z,2026-02-03T19:00:00Z,28,0.630375,0.818757,0.981673,4.093785
2026-02-05T05:00:00+05:00,2026-02-05T00:00:00Z,2026-02-03T19:00:00Z,29,0.616339,0.818077,0.98088,4.090385
2026-02-05T06:00:00+05:00,2026-02-05T01:00:00Z,2026-02-03T19:00:00Z,30,0.599874,0.815037,0.982425,4.075185
2026-02-05T07:00:00+05:00,2026-02-05T02:00:00Z,2026-02-03T19:00:00Z,31,0.609528,0.818424,0.981766,4.09212
2026-02-05T08:00:00+05:00,2026-02-05T03:00:00Z,2026-02-03T19:00:00Z,32,0.609025,0.817625,0.980791,4.088125
2026-02-05T09:00:00+05:00,2026-02-05T04:00:00Z,2026-02-03T19:00:00Z,33,0.60808,0.817819,0.979413,4.089095
2026-02-05T10:00:00+05:00,2026-02-05T05:00:00Z,2026-02-03T19:00:00Z,34,0.606955,0.818596,0.979133,4.09298
2026-02-05T11:00:00+05:00,2026-02-05T06:00:00Z,2026-02-03T19:00:00Z,35,0.60444,0.822194,0.979123,4.11097
2026-02-05T12:00:00+05:00,2026-02-05T07:00:00Z,2026-02-03T19:00:00Z,36,0.587944,0.821405,0.979204,4.107025
2026-02-05T13:00:00+05:00,2026-02-05T08:00:00Z,2026-02-03T19:00:00Z,37,0.547139,0.821542,0.979534,4.10771
2026-02-05T14:00:00+05:00,2026-02-05T09:00:00Z,2026-02-03T19:00:00Z,38,0.495409,0.821053,0.97966,4.105265
2026-02-05T15:00:00+05:00,2026-02-05T10:00:00Z,2026-02-03T19:00:00Z,39,0.492323,0.820172,0.979366,4.10086
2026-02-05T16:00:00+05:00,2026-02-05T11:00:00Z,2026-02-03T19:00:00Z,40,0.493966,0.820621,0.978723,4.103105
2026-02-05T17:00:00+05:00,2026-02-05T12:00:00Z,2026-02-03T19:00:00Z,41,0.486611,0.820515,0.978838,4.102575
2026-02-05T18:00:00+05:00,2026-02-05T13:00:00Z,2026-02-03T19:00:00Z,42,0.472791,0.818896,0.978868,4.09448
2026-02-05T19:00:00+05:00,2026-02-05T14:00:00Z,2026-02-03T19:00:00Z,43,0.442891,0.813364,0.980197,4.06682
2026-02-05T20:00:00+05:00,2026-02-05T15:00:00Z,2026-02-03T19:00:00Z,44,0.4649,0.806158,0.979138,4.03079
2026-02-05T21:00:00+05:00,2026-02-05T16:00:00Z,2026-02-03T19:00:00Z,45,0.4635,0.805128,0.980753,4.02564
2026-02-05T22:00:00+05:00,2026-02-05T17:00:00Z,2026-02-03T19:00:00Z,46,0.352658,0.733405,0.975149,3.667025
2026-02-05T23:00:00+05:00,2026-02-05T18:00:00Z,2026-02-03T19:00:00Z,47,0.40537,0.779943,0.976958,3.899715
2026-02-06T00:00:00+05:00,2026-02-05T19:00:00Z,2026-02-03T19:00:00Z,48,0.331028,0.740576,0.974478,3.70288
2026-02-05T01:00:00+05:00,2026-02-04T20:00:00Z,2026-02-04T19:00:00Z,1,0.548988,0.802331,0.976365,4.011655
2026-02-05T02:00:00+05:00,2026-02-04T21:00:00Z,2026-02-04T19:00:00Z,2,0.606152,0.80924,0.981308,4.0462
2026-02-05T03:00:00+05:00,2026-02-04T22:00:00Z,2026-02-04T19:00:00Z,3,0.597883,0.814943,0.982963,4.074715
2026-02-05T04:00:00+05:00,2026-02-04T23:00:00Z,2026-02-04T19:00:00Z,4,0.62772,0.818591,0.981389,4.092955
2026-02-05T05:00:00+05:00,2026-02-05T00:00:00Z,2026-02-04T19:00:00Z,5,0.609217,0.818695,0.981038,4.093475
2026-02-05T06:00:00+05:00,2026-02-05T01:00:00Z,2026-02-04T19:00:00Z,6,0.602456,0.819947,0.981316,4.099735
2026-02-05T07:00:00+05:00,2026-02-05T02:00:00Z,2026-02-04T19:00:00Z,7,0.603308,0.818578,0.981156,4.09289
2026-02-05T08:00:00+05:00,2026-02-05T03:00:00Z,2026-02-04T19:00:00Z,8,0.562677,0.819025,0.980394,4.095125
2026-02-05T09:00:00+05:00,2026-02-05T04:00:00Z,2026-02-04T19:00:00Z,9,0.572413,0.818144,0.979239,4.09072
2026-02-05T10:00:00+05:00,2026-02-05T05:00:00Z,2026-02-04T19:00:00Z,10,0.616225,0.81851,0.979133,4.09255
2026-02-05T11:00:00+05:00,2026-02-05T06:00:00Z,2026-02-04T19:00:00Z,11,0.560815,0.821989,0.979196,4.109945
2026-02-05T12:00:00+05:00,2026-02-05T07:00:00Z,2026-02-04T19:00:00Z,12,0.600323,0.823585,0.979232,4.117925
2026-02-05T13:00:00+05:00,2026-02-05T08:00:00Z,2026-02-04T19:00:00Z,13,0.546536,0.8222,0.979452,4.111
2026-02-05T14:00:00+05:00,2026-02-05T09:00:00Z,2026-02-04T19:00:00Z,14,0.473301,0.820359,0.979324,4.101795
2026-02-05T15:00:00+05:00,2026-02-05T10:00:00Z,2026-02-04T19:00:00Z,15,0.485319,0.819778,0.979146,4.09889
2026-02-05T16:00:00+05:00,2026-02-05T11:00:00Z,2026-02-04T19:00:00Z,16,0.495021,0.816759,0.978884,4.083795
2026-02-05T17:00:00+05:00,2026-02-05T12:00:00Z,2026-02-04T19:00:00Z,17,0.496073,0.817133,0.978542,4.085665
2026-02-05T18:00:00+05:00,2026-02-05T13:00:00Z,2026-02-04T19:00:00Z,18,0.474617,0.810088,0.979414,4.05044
2026-02-05T19:00:00+05:00,2026-02-05T14:00:00Z,2026-02-04T19:00:00Z,19,0.462183,0.798025,0.975262,3.990125
2026-02-05T20:00:00+05:00,2026-02-05T15:00:00Z,2026-02-04T19:00:00Z,20,0.357916,0.738346,0.977195,3.69173
2026-02-05T21:00:00+05:00,2026-02-05T16:00:00Z,2026-02-04T19:00:00Z,21,0.313752,0.677087,0.971203,3.385435
2026-02-05T22:00:00+05:00,2026-02-05T17:00:00Z,2026-02-04T19:00:00Z,22,0.091112,0.445086,0.86232,2.22543
2026-02-05T23:00:00+05:00,2026-02-05T18:00:00Z,2026-02-04T19:00:00Z,23,0.168249,0.553697,0.932694,2.768485
2026-02-06T00:00:00+05:00,2026-02-05T19:00:00Z,2026-02-04T19:00:00Z,24,0.122358,0.521461,0.898687,2.607305
2026-02-06T01:00:00+05:00,2026-02-05T20:00:00Z,2026-02-04T19:00:00Z,25,0.08032,0.48537,0.866067,2.42685
2026-02-06T02:00:00+05:00,2026-02-05T21:00:00Z,2026-02-04T19:00:00Z,26,0.103884,0.485985,0.873578,2.429925
2026-02-06T03:00:00+05:00,2026-02-05T22:00:00Z,2026-02-04T19:00:00Z,27,0.0,0.367582,0.85247,1.83791
2026-02-06T04:00:00+05:00,2026-02-05T23:00:00Z,2026-02-04T19:00:00Z,28,0.0,0.278733,0.791645,1.393665
2026-02-06T05:00:00+05:00,2026-02-06T00:00:00Z,2026-02-04T19:00:00Z,29,0.0,0.055136,0.357673,0.27568
2026-02-06T06:00:00+05:00,2026-02-06T01:00:00Z,2026-02-04T19:00:00Z,30,0.0,0.045327,0.327843,0.226635
2026-02-06T07:00:00+05:00,2026-02-06T02:00:00Z,2026-02-04T19:00:00Z,31,0.0,0.077923,0.430934,0.389615
2026-02-06T08:00:00+05:00,2026-02-06T03:00:00Z,2026-02-04T19:00:00Z,32,0.0,0.203666,0.717634,1.01833
2026-02-06T09:00:00+05:00,2026-02-06T04:00:00Z,2026-02-04T19:00:00Z,33,0.0,0.287149,0.826891,1.435745
2026-02-06T10:00:00+05:00,2026-02-06T05:00:00Z,2026-02-04T19:00:00Z,34,0.061244,0.453245,0.907294,2.266225
2026-02-06T11:00:00+05:00,2026-02-06T06:00:00Z,2026-02-04T19:00:00Z,35,0.253302,0.700913,0.972588,3.504565
2026-02-06T12:00:00+05:00,2026-02-06T07:00:00Z,2026-02-04T19:00:00Z,36,0.458948,0.784666,0.977174,3.92333
2026-02-06T13:00:00+05:00,2026-02-06T08:00:00Z,2026-02-04T19:00:00Z,37,0.545897,0.799605,0.976762,3.998025
2026-02-06T14:00:00+05:00,2026-02-06T09:00:00Z,2026-02-04T19:00:00Z,38,0.624285,0.819587,0.980909,4.097935
2026-02-06T15:00:00+05:00,2026-02-06T10:00:00Z,2026-02-04T19:00:00Z,39,0.614004,0.821173,0.980424,4.105865
2026-02-06T16:00:00+05:00,2026-02-06T11:00:00Z,2026-02-04T19:00:00Z,40,0.62096,0.821726,0.980113,4.10863
2026-02-06T17:00:00+05:00,2026-02-06T12:00:00Z,2026-02-04T19:00:00Z,41,0.496105,0.819744,0.981956,4.09872
2026-02-06T18:00:00+05:00,2026-02-06T13:00:00Z,2026-02-04T19:00:00Z,42,0.497139,0.813851,0.981572,4.069255
2026-02-06T19:00:00+05:00,2026-02-06T14:00:00Z,2026-02-04T19:00:00Z,43,0.556211,0.819921,0.981367,4.099605
2026-02-06T20:00:00+05:00,2026-02-06T15:00:00Z,2026-02-04T19:00:00Z,44,0.644234,0.822617,0.98214,4.113085
2026-02-06T21:00:00+05:00,2026-02-06T16:00:00Z,2026-02-04T19:00:00Z,45,0.621421,0.816377,0.980616,4.081885
2026-02-06T22:00:00+05:00,2026-02-06T17:00:00Z,2026-02-04T19:00:00Z,46,0.591839,0.8137,0.981078,4.0685
2026-02-06T23:00:00+05:00,2026-02-06T18:00:00Z,2026-02-04T19:00:00Z,47,0.549303,0.803951,0.977802,4.019755
2026-02-07T00:00:00+05:00,2026-02-06T19:00:00Z,2026-02-04T19:00:00Z,48,0.401012,0.758659,0.975979,3.793295
2026-02-06T01:00:00+05:00,2026-02-05T20:00:00Z,2026-02-05T19:00:00Z,1,0.119996,0.505483,0.888846,2.527415
2026-02-06T02:00:00+05:00,2026-02-05T21:00:00Z,2026-02-05T19:00:00Z,2,0.143677,0.538511,0.90399,2.692555
2026-02-06T03:00:00+05:00,2026-02-05T22:00:00Z,2026-02-05T19:00:00Z,3,0.116714,0.499529,0.876446,2.497645
2026-02-06T04:00:00+05:00,2026-02-05T23:00:00Z,2026-02-05T19:00:00Z,4,0.0,0.29888,0.728049,1.4944
2026-02-06T05:00:00+05:00,2026-02-06T00:00:00Z,2026-02-05T19:00:00Z,5,0.0,0.092531,0.364192,0.462655
2026-02-06T06:00:00+05:00,2026-02-06T01:00:00Z,2026-02-05T19:00:00Z,6,0.0,0.043054,0.310883,0.21527
2026-02-06T07:00:00+05:00,2026-02-06T02:00:00Z,2026-02-05T19:00:00Z,7,0.0,0.032543,0.251336,0.162715
2026-02-06T08:00:00+05:00,2026-02-06T03:00:00Z,2026-02-05T19:00:00Z,8,0.0,0.037583,0.266776,0.187915
2026-02-06T09:00:00+05:00,2026-02-06T04:00:00Z,2026-02-05T19:00:00Z,9,0.0,0.04558,0.274726,0.2279
2026-02-06T10:00:00+05:00,2026-02-06T05:00:00Z,2026-02-05T19:00:00Z,10,0.0,0.149931,0.569958,0.749655
2026-02-06T11:00:00+05:00,2026-02-06T06:00:00Z,2026-02-05T19:00:00Z,11,0.0,0.274188,0.686166,1.37094
2026-02-06T12:00:00+05:00,2026-02-06T07:00:00Z,2026-02-05T19:00:00Z,12,0.085075,0.46265,0.861894,2.31325
2026-02-06T13:00:00+05:00,2026-02-06T08:00:00Z,2026-02-05T19:00:00Z,13,0.398663,0.76844,0.977817,3.8422
2026-02-06T14:00:00+05:00,2026-02-06T09:00:00Z,2026-02-05T19:00:00Z,14,0.604838,0.814461,0.981,4.072305
2026-02-06T15:00:00+05:00,2026-02-06T10:00:00Z,2026-02-05T19:00:00Z,15,0.618001,0.821607,0.979934,4.108035
2026-02-06T16:00:00+05:00,2026-02-06T11:00:00Z,2026-02-05T19:00:00Z,16,0.621594,0.821785,0.980133,4.108925
2026-02-06T17:00:00+05:00,2026-02-06T12:00:00Z,2026-02-05T19:00:00Z,17,0.617126,0.822742,0.981793,4.11371
2026-02-06T18:00:00+05:00,2026-02-06T13:00:00Z,2026-02-05T19:00:00Z,18,0.622625,0.822856,0.983341,4.11428
2026-02-06T19:00:00+05:00,2026-02-06T14:00:00Z,2026-02-05T19:00:00Z,19,0.624864,0.822821,0.983451,4.114105
2026-02-06T20:00:00+05:00,2026-02-06T15:00:00Z,2026-02-05T19:00:00Z,20,0.636025,0.822746,0.982009,4.11373
2026-02-06T21:00:00+05:00,2026-02-06T16:00:00Z,2026-02-05T19:00:00Z,21,0.634657,0.823097,0.981795,4.115485
2026-02-06T22:00:00+05:00,2026-02-06T17:00:00Z,2026-02-05T19:00:00Z,22,0.636599,0.824508,0.981563,4.12254
2026-02-06T23:00:00+05:00,2026-02-06T18:00:00Z,2026-02-05T19:00:00Z,23,0.611245,0.816105,0.981334,4.080525
2026-02-07T00:00:00+05:00,2026-02-06T19:00:00Z,2026-02-05T19:00:00Z,24,0.592582,0.806425,0.978483,4.032125
2026-02-07T01:00:00+05:00,2026-02-06T20:00:00Z,2026-02-05T19:00:00Z,25,0.547003,0.789073,0.980925,3.945365
2026-02-07T02:00:00+05:00,2026-02-06T21:00:00Z,2026-02-05T19:00:00Z,26,0.409905,0.742605,0.976271,3.713025
2026-02-07T03:00:00+05:00,2026-02-06T22:00:00Z,2026-02-05T19:00:00Z,27,0.169959,0.55024,0.906532,2.7512
2026-02-07T04:00:00+05:00,2026-02-06T23:00:00Z,2026-02-05T19:00:00Z,28,0.166972,0.554451,0.937268,2.772255
2026-02-07T05:00:00+05:00,2026-02-07T00:00:00Z,2026-02-05T19:00:00Z,29,0.101805,0.423168,0.826908,2.11584
2026-02-07T06:00:00+05:00,2026-02-07T01:00:00Z,2026-02-05T19:00:00Z,30,0.0,0.151322,0.506078,0.75661
2026-02-07T07:00:00+05:00,2026-02-07T02:00:00Z,2026-02-05T19:00:00Z,31,0.0,0.10578,0.448448,0.5289
2026-02-07T08:00:00+05:00,2026-02-07T03:00:00Z,2026-02-05T19:00:00Z,32,0.0,0.058586,0.314648,0.29293
2026-02-07T09:00:00+05:00,2026-02-07T04:00:00Z,2026-02-05T19:00:00Z,33,0.0,0.07198,0.310937,0.3599
2026-02-07T10:00:00+05:00,2026-02-07T05:00:00Z,2026-02-05T19:00:00Z,34,0.0,0.152509,0.534845,0.762545
2026-02-07T11:00:00+05:00,2026-02-07T06:00:00Z,2026-02-05T19:00:00Z,35,0.0,0.13203,0.509363,0.66015
2026-02-07T12:00:00+05:00,2026-02-07T07:00:00Z,2026-02-05T19:00:00Z,36,0.0,0.208574,0.610036,1.04287
2026-02-07T13:00:00+05:00,2026-02-07T08:00:00Z,2026-02-05T19:00:00Z,37,0.0,0.241754,0.652049,1.20877
2026-02-07T14:00:00+05:00,2026-02-07T09:00:00Z,2026-02-05T19:00:00Z,38,0.0,0.205131,0.62259,1.025655
2026-02-07T15:00:00+05:00,2026-02-07T10:00:00Z,2026-02-05T19:00:00Z,39,0.0,0.15497,0.536914,0.77485
2026-02-07T16:00:00+05:00,2026-02-07T11:00:00Z,2026-02-05T19:00:00Z,40,0.0,0.114371,0.409634,0.571855
2026-02-07T17:00:00+05:00,2026-02-07T12:00:00Z,2026-02-05T19:00:00Z,41,0.0,0.110327,0.40051,0.551635
2026-02-07T18:00:00+05:00,2026-02-07T13:00:00Z,2026-02-05T19:00:00Z,42,0.0,0.125437,0.419896,0.627185
2026-02-07T19:00:00+05:00,2026-02-07T14:00:00Z,2026-02-05T19:00:00Z,43,0.0,0.248926,0.720313,1.24463
2026-02-07T20:00:00+05:00,2026-02-07T15:00:00Z,2026-02-05T19:00:00Z,44,0.126388,0.531659,0.959843,2.658295
2026-02-07T21:00:00+05:00,2026-02-07T16:00:00Z,2026-02-05T19:00:00Z,45,0.220998,0.674452,0.973831,3.37226
2026-02-07T22:00:00+05:00,2026-02-07T17:00:00Z,2026-02-05T19:00:00Z,46,0.264547,0.698847,0.973407,3.494235
2026-02-07T23:00:00+05:00,2026-02-07T18:00:00Z,2026-02-05T19:00:00Z,47,0.106885,0.480513,0.914481,2.402565
2026-02-08T00:00:00+05:00,2026-02-07T19:00:00Z,2026-02-05T19:00:00Z,48,0.196155,0.621883,0.96273,3.109415
2026-02-07T01:00:00+05:00,2026-02-06T20:00:00Z,2026-02-06T19:00:00Z,1,0.336577,0.691963,0.969464,3.459815
2026-02-07T02:00:00+05:00,2026-02-06T21:00:00Z,2026-02-06T19:00:00Z,2,0.219653,0.625275,0.940175,3.126375
2026-02-07T03:00:00+05:00,2026-02-06T22:00:00Z,2026-02-06T19:00:00Z,3,0.077761,0.439416,0.864123,2.19708
2026-02-07T04:00:00+05:00,2026-02-06T23:00:00Z,2026-02-06T19:00:00Z,4,0.017238,0.359209,0.842825,1.796045
2026-02-07T05:00:00+05:00,2026-02-07T00:00:00Z,2026-02-06T19:00:00Z,5,0.0,0.136844,0.465328,0.68422
2026-02-07T06:00:00+05:00,2026-02-07T01:00:00Z,2026-02-06T19:00:00Z,6,0.0,0.100305,0.408588,0.501525
2026-02-07T07:00:00+05:00,2026-02-07T02:00:00Z,2026-02-06T19:00:00Z,7,0.0,0.063698,0.313046,0.31849
2026-02-07T08:00:00+05:00,2026-02-07T03:00:00Z,2026-02-06T19:00:00Z,8,0.0,0.040109,0.261388,0.200545
2026-02-07T09:00:00+05:00,2026-02-07T04:00:00Z,2026-02-06T19:00:00Z,9,0.0,0.034891,0.218675,0.174455
2026-02-07T10:00:00+05:00,2026-02-07T05:00:00Z,2026-02-06T19:00:00Z,10,0.0,0.147466,0.485557,0.73733
2026-02-07T11:00:00+05:00,2026-02-07T06:00:00Z,2026-02-06T19:00:00Z,11,0.0,0.265025,0.700895,1.325125
2026-02-07T12:00:00+05:00,2026-02-07T07:00:00Z,2026-02-06T19:00:00Z,12,0.045638,0.390852,0.830466,1.95426
2026-02-07T13:00:00+05:00,2026-02-07T08:00:00Z,2026-02-06T19:00:00Z,13,0.042462,0.366269,0.841589,1.831345
2026-02-07T14:00:00+05:00,2026-02-07T09:00:00Z,2026-02-06T19:00:00Z,14,0.0,0.230647,0.622107,1.153235
2026-02-07T15:00:00+05:00,2026-02-07T10:00:00Z,2026-02-06T19:00:00Z,15,0.0,0.140301,0.558928,0.701505
2026-02-07T16:00:00+05:00,2026-02-07T11:00:00Z,2026-02-06T19:00:00Z,16,0.0,0.081054,0.391247,0.40527
2026-02-07T17:00:00+05:00,2026-02-07T12:00:00Z,2026-02-06T19:00:00Z,17,0.0,0.09059,0.378795,0.45295
2026-02-07T18:00:00+05:00,2026-02-07T13:00:00Z,2026-02-06T19:00:00Z,18,0.0,0.100832,0.37728,0.50416
2026-02-07T19:00:00+05:00,2026-02-07T14:00:00Z,2026-02-06T19:00:00Z,19,0.0,0.25717,0.728265,1.28585
2026-02-07T20:00:00+05:00,2026-02-07T15:00:00Z,2026-02-06T19:00:00Z,20,0.137668,0.529911,0.965736,2.649555
2026-02-07T21:00:00+05:00,2026-02-07T16:00:00Z,2026-02-06T19:00:00Z,21,0.202246,0.608918,0.972524,3.04459
2026-02-07T22:00:00+05:00,2026-02-07T17:00:00Z,2026-02-06T19:00:00Z,22,0.252301,0.670372,0.97369,3.35186
2026-02-07T23:00:00+05:00,2026-02-07T18:00:00Z,2026-02-06T19:00:00Z,23,0.229987,0.655308,0.966042,3.27654
2026-02-08T00:00:00+05:00,2026-02-07T19:00:00Z,2026-02-06T19:00:00Z,24,0.313863,0.703179,0.974944,3.515895
2026-02-08T01:00:00+05:00,2026-02-07T20:00:00Z,2026-02-06T19:00:00Z,25,0.366737,0.736514,0.972915,3.68257
2026-02-08T02:00:00+05:00,2026-02-07T21:00:00Z,2026-02-06T19:00:00Z,26,0.415134,0.75597,0.974478,3.77985
2026-02-08T03:00:00+05:00,2026-02-07T22:00:00Z,2026-02-06T19:00:00Z,27,0.410581,0.743061,0.97233,3.715305
2026-02-08T04:00:00+05:00,2026-02-07T23:00:00Z,2026-02-06T19:00:00Z,28,0.254425,0.63236,0.967414,3.1618
2026-02-08T05:00:00+05:00,2026-02-08T00:00:00Z,2026-02-06T19:00:00Z,29,0.165481,0.575511,0.940362,2.877555
2026-02-08T06:00:00+05:00,2026-02-08T01:00:00Z,2026-02-06T19:00:00Z,30,0.097567,0.459299,0.876819,2.296495
2026-02-08T07:00:00+05:00,2026-02-08T02:00:00Z,2026-02-06T19:00:00Z,31,0.100084,0.4924,0.859008,2.462
2026-02-08T08:00:00+05:00,2026-02-08T03:00:00Z,2026-02-06T19:00:00Z,32,0.0078,0.380868,0.759397,1.90434
2026-02-08T09:00:00+05:00,2026-02-08T04:00:00Z,2026-02-06T19:00:00Z,33,0.0,0.270992,0.621526,1.35496
2026-02-08T10:00:00+05:00,2026-02-08T05:00:00Z,2026-02-06T19:00:00Z,34,0.0,0.174646,0.493286,0.87323
2026-02-08T11:00:00+05:00,2026-02-08T06:00:00Z,2026-02-06T19:00:00Z,35,0.0,0.041737,0.240918,0.208685
2026-02-08T12:00:00+05:00,2026-02-08T07:00:00Z,2026-02-06T19:00:00Z,36,0.0,0.035858,0.210323,0.17929
2026-02-08T13:00:00+05:00,2026-02-08T08:00:00Z,2026-02-06T19:00:00Z,37,0.0,0.043147,0.255192,0.215735
2026-02-08T14:00:00+05:00,2026-02-08T09:00:00Z,2026-02-06T19:00:00Z,38,0.0,0.140559,0.510882,0.702795
2026-02-08T15:00:00+05:00,2026-02-08T10:00:00Z,2026-02-06T19:00:00Z,39,0.094016,0.423226,0.891218,2.11613
2026-02-08T16:00:00+05:00,2026-02-08T11:00:00Z,2026-02-06T19:00:00Z,40,0.59271,0.811133,0.978105,4.055665
2026-02-08T17:00:00+05:00,2026-02-08T12:00:00Z,2026-02-06T19:00:00Z,41,0.265734,0.696225,0.970658,3.481125
2026-02-08T18:00:00+05:00,2026-02-08T13:00:00Z,2026-02-06T19:00:00Z,42,0.609502,0.824481,0.983086,4.122405
2026-02-08T19:00:00+05:00,2026-02-08T14:00:00Z,2026-02-06T19:00:00Z,43,0.621861,0.82422,0.981498,4.1211
2026-02-08T20:00:00+05:00,2026-02-08T15:00:00Z,2026-02-06T19:00:00Z,44,0.607344,0.825019,0.981752,4.125095
2026-02-08T21:00:00+05:00,2026-02-08T16:00:00Z,2026-02-06T19:00:00Z,45,0.607344,0.824455,0.981284,4.122275
2026-02-08T22:00:00+05:00,2026-02-08T17:00:00Z,2026-02-06T19:00:00Z,46,0.607344,0.824364,0.981441,4.12182
2026-02-08T23:00:00+05:00,2026-02-08T18:00:00Z,2026-02-06T19:00:00Z,47,0.594211,0.824415,0.980633,4.122075
2026-02-09T00:00:00+05:00,2026-02-08T19:00:00Z,2026-02-06T19:00:00Z,48,0.592875,0.823232,0.981566,4.11616
2026-02-08T01:00:00+05:00,2026-02-07T20:00:00Z,2026-02-07T19:00:00Z,1,0.581567,0.812347,0.983827,4.061735
2026-02-08T02:00:00+05:00,2026-02-07T21:00:00Z,2026-02-07T19:00:00Z,2,0.567933,0.798064,0.979946,3.99032
2026-02-08T03:00:00+05:00,2026-02-07T22:00:00Z,2026-02-07T19:00:00Z,3,0.487473,0.767407,0.977801,3.837035
2026-02-08T04:00:00+05:00,2026-02-07T23:00:00Z,2026-02-07T19:00:00Z,4,0.276685,0.669163,0.968116,3.345815
2026-02-08T05:00:00+05:00,2026-02-08T00:00:00Z,2026-02-07T19:00:00Z,5,0.171251,0.543764,0.915017,2.71882
2026-02-08T06:00:00+05:00,2026-02-08T01:00:00Z,2026-02-07T19:00:00Z,6,0.067168,0.456837,0.850031,2.284185
2026-02-08T07:00:00+05:00,2026-02-08T02:00:00Z,2026-02-07T19:00:00Z,7,0.004361,0.382911,0.762086,1.914555
2026-02-08T08:00:00+05:00,2026-02-08T03:00:00Z,2026-02-07T19:00:00Z,8,0.0,0.249345,0.584955,1.246725
2026-02-08T09:00:00+05:00,2026-02-08T04:00:00Z,2026-02-07T19:00:00Z,9,0.0,0.117138,0.364007,0.58569
2026-02-08T10:00:00+05:00,2026-02-08T05:00:00Z,2026-02-07T19:00:00Z,10,0.0,0.132199,0.403171,0.660995
2026-02-08T11:00:00+05:00,2026-02-08T06:00:00Z,2026-02-07T19:00:00Z,11,0.0,0.051721,0.277612,0.258605
2026-02-08T12:00:00+05:00,2026-02-08T07:00:00Z,2026-02-07T19:00:00Z,12,0.0,0.02462,0.19353,0.1231
2026-02-08T13:00:00+05:00,2026-02-08T08:00:00Z,2026-02-07T19:00:00Z,13,0.0,0.043566,0.246294,0.21783
2026-02-08T14:00:00+05:00,2026-02-08T09:00:00Z,2026-02-07T19:00:00Z,14,0.0,0.180515,0.561734,0.902575
2026-02-08T15:00:00+05:00,2026-02-08T10:00:00Z,2026-02-07T19:00:00Z,15,0.136894,0.521683,0.921133,2.608415
2026-02-08T16:00:00+05:00,2026-02-08T11:00:00Z,2026-02-07T19:00:00Z,16,0.599046,0.812773,0.979302,4.063865
2026-02-08T17:00:00+05:00,2026-02-08T12:00:00Z,2026-02-07T19:00:00Z,17,0.621164,0.823878,0.979383,4.11939
2026-02-08T18:00:00+05:00,2026-02-08T13:00:00Z,2026-02-07T19:00:00Z,18,0.614116,0.824861,0.982977,4.124305
2026-02-08T19:00:00+05:00,2026-02-08T14:00:00Z,2026-02-07T19:00:00Z,19,0.593159,0.82504,0.982784,4.1252
2026-02-08T20:00:00+05:00,2026-02-08T15:00:00Z,2026-02-07T19:00:00Z,20,0.592922,0.825263,0.982143,4.126315
2026-02-08T21:00:00+05:00,2026-02-08T16:00:00Z,2026-02-07T19:00:00Z,21,0.612187,0.824558,0.981842,4.12279
2026-02-08T22:00:00+05:00,2026-02-08T17:00:00Z,2026-02-07T19:00:00Z,22,0.612187,0.824208,0.981466,4.12104
2026-02-08T23:00:00+05:00,2026-02-08T18:00:00Z,2026-02-07T19:00:00Z,23,0.6034,0.823273,0.981492,4.116365
2026-02-09T00:00:00+05:00,2026-02-08T19:00:00Z,2026-02-07T19:00:00Z,24,0.594021,0.823342,0.981494,4.11671
2026-02-09T01:00:00+05:00,2026-02-08T20:00:00Z,2026-02-07T19:00:00Z,25,0.566262,0.822181,0.981304,4.110905
2026-02-09T02:00:00+05:00,2026-02-08T21:00:00Z,2026-02-07T19:00:00Z,26,0.534528,0.820141,0.981337,4.100705
2026-02-09T03:00:00+05:00,2026-02-08T22:00:00Z,2026-02-07T19:00:00Z,27,0.473713,0.819958,0.981181,4.09979
2026-02-09T04:00:00+05:00,2026-02-08T23:00:00Z,2026-02-07T19:00:00Z,28,0.373885,0.817161,0.98192,4.085805
2026-02-09T05:00:00+05:00,2026-02-09T00:00:00Z,2026-02-07T19:00:00Z,29,0.366983,0.816917,0.982179,4.084585
2026-02-09T06:00:00+05:00,2026-02-09T01:00:00Z,2026-02-07T19:00:00Z,30,0.373391,0.81752,0.982153,4.0876
2026-02-09T07:00:00+05:00,2026-02-09T02:00:00Z,2026-02-07T19:00:00Z,31,0.380611,0.813569,0.982033,4.067845
2026-02-09T08:00:00+05:00,2026-02-09T03:00:00Z,2026-02-07T19:00:00Z,32,0.380812,0.817541,0.981746,4.087705
2026-02-09T09:00:00+05:00,2026-02-09T04:00:00Z,2026-02-07T19:00:00Z,33,0.404569,0.815585,0.980083,4.077925
2026-02-09T10:00:00+05:00,2026-02-09T05:00:00Z,2026-02-07T19:00:00Z,34,0.395598,0.819685,0.979002,4.098425
2026-02-09T11:00:00+05:00,2026-02-09T06:00:00Z,2026-02-07T19:00:00Z,35,0.383916,0.819195,0.978198,4.095975
2026-02-09T12:00:00+05:00,2026-02-09T07:00:00Z,2026-02-07T19:00:00Z,36,0.375163,0.823003,0.977711,4.115015
2026-02-09T13:00:00+05:00,2026-02-09T08:00:00Z,2026-02-07T19:00:00Z,37,0.384717,0.822918,0.978324,4.11459
2026-02-09T14:00:00+05:00,2026-02-09T09:00:00Z,2026-02-07T19:00:00Z,38,0.395771,0.823198,0.977956,4.11599
2026-02-09T15:00:00+05:00,2026-02-09T10:00:00Z,2026-02-07T19:00:00Z,39,0.502959,0.823375,0.978921,4.116875
2026-02-09T16:00:00+05:00,2026-02-09T11:00:00Z,2026-02-07T19:00:00Z,40,0.470679,0.813999,0.979125,4.069995
2026-02-09T17:00:00+05:00,2026-02-09T12:00:00Z,2026-02-07T19:00:00Z,41,0.452533,0.811125,0.971946,4.055625
2026-02-09T18:00:00+05:00,2026-02-09T13:00:00Z,2026-02-07T19:00:00Z,42,0.371806,0.787369,0.957418,3.936845
2026-02-09T19:00:00+05:00,2026-02-09T14:00:00Z,2026-02-07T19:00:00Z,43,0.384467,0.761917,0.950366,3.809585
2026-02-09T20:00:00+05:00,2026-02-09T15:00:00Z,2026-02-07T19:00:00Z,44,0.279754,0.715365,0.937993,3.576825
2026-02-09T21:00:00+05:00,2026-02-09T16:00:00Z,2026-02-07T19:00:00Z,45,0.283696,0.70493,0.941711,3.52465
2026-02-09T22:00:00+05:00,2026-02-09T17:00:00Z,2026-02-07T19:00:00Z,46,0.265303,0.678562,0.955705,3.39281
2026-02-09T23:00:00+05:00,2026-02-09T18:00:00Z,2026-02-07T19:00:00Z,47,0.055901,0.429401,0.854394,2.147005
2026-02-10T00:00:00+05:00,2026-02-09T19:00:00Z,2026-02-07T19:00:00Z,48,0.0,0.260276,0.688247,1.30138
2026-02-09T01:00:00+05:00,2026-02-08T20:00:00Z,2026-02-08T19:00:00Z,1,0.542684,0.822423,0.981321,4.112115
2026-02-09T02:00:00+05:00,2026-02-08T21:00:00Z,2026-02-08T19:00:00Z,2,0.534197,0.820421,0.981277,4.102105
2026-02-09T03:00:00+05:00,2026-02-08T22:00:00Z,2026-02-08T19:00:00Z,3,0.373862,0.818183,0.981147,4.090915
2026-02-09T04:00:00+05:00,2026-02-08T23:00:00Z,2026-02-08T19:00:00Z,4,0.362573,0.817527,0.98192,4.087635
2026-02-09T05:00:00+05:00,2026-02-09T00:00:00Z,2026-02-08T19:00:00Z,5,0.367778,0.817372,0.982179,4.08686
2026-02-09T06:00:00+05:00,2026-02-09T01:00:00Z,2026-02-08T19:00:00Z,6,0.369699,0.817421,0.982153,4.087105
2026-02-09T07:00:00+05:00,2026-02-09T02:00:00Z,2026-02-08T19:00:00Z,7,0.369699,0.817754,0.98178,4.08877
2026-02-09T08:00:00+05:00,2026-02-09T03:00:00Z,2026-02-08T19:00:00Z,8,0.369332,0.814142,0.982034,4.07071
2026-02-09T09:00:00+05:00,2026-02-09T04:00:00Z,2026-02-08T19:00:00Z,9,0.407905,0.820936,0.980356,4.10468
2026-02-09T10:00:00+05:00,2026-02-09T05:00:00Z,2026-02-08T19:00:00Z,10,0.407014,0.821353,0.978986,4.106765
2026-02-09T11:00:00+05:00,2026-02-09T06:00:00Z,2026-02-08T19:00:00Z,11,0.394704,0.819243,0.978124,4.096215
2026-02-09T12:00:00+05:00,2026-02-09T07:00:00Z,2026-02-08T19:00:00Z,12,0.389185,0.823104,0.977708,4.11552
2026-02-09T13:00:00+05:00,2026-02-09T08:00:00Z,2026-02-08T19:00:00Z,13,0.391645,0.823517,0.97916,4.117585
2026-02-09T14:00:00+05:00,2026-02-09T09:00:00Z,2026-02-08T19:00:00Z,14,0.48723,0.823704,0.978951,4.11852
2026-02-09T15:00:00+05:00,2026-02-09T10:00:00Z,2026-02-08T19:00:00Z,15,0.491728,0.823912,0.980167,4.11956
2026-02-09T16:00:00+05:00,2026-02-09T11:00:00Z,2026-02-08T19:00:00Z,16,0.46678,0.810769,0.97936,4.053845
2026-02-09T17:00:00+05:00,2026-02-09T12:00:00Z,2026-02-08T19:00:00Z,17,0.255132,0.696798,0.942047,3.48399
2026-02-09T18:00:00+05:00,2026-02-09T13:00:00Z,2026-02-08T19:00:00Z,18,0.047497,0.493042,0.902212,2.46521
2026-02-09T19:00:00+05:00,2026-02-09T14:00:00Z,2026-02-08T19:00:00Z,19,0.0,0.321713,0.795024,1.608565
2026-02-09T20:00:00+05:00,2026-02-09T15:00:00Z,2026-02-08T19:00:00Z,20,0.089979,0.483917,0.8816,2.419585
2026-02-09T21:00:00+05:00,2026-02-09T16:00:00Z,2026-02-08T19:00:00Z,21,0.04739,0.390193,0.79794,1.950965
2026-02-09T22:00:00+05:00,2026-02-09T17:00:00Z,2026-02-08T19:00:00Z,22,0.0,0.272596,0.740328,1.36298
2026-02-09T23:00:00+05:00,2026-02-09T18:00:00Z,2026-02-08T19:00:00Z,23,0.010681,0.348302,0.883752,1.74151
2026-02-10T00:00:00+05:00,2026-02-09T19:00:00Z,2026-02-08T19:00:00Z,24,0.0,0.272745,0.742693,1.363725
2026-02-10T01:00:00+05:00,2026-02-09T20:00:00Z,2026-02-08T19:00:00Z,25,0.0,0.29472,0.823938,1.4736
2026-02-10T02:00:00+05:00,2026-02-09T21:00:00Z,2026-02-08T19:00:00Z,26,0.0,0.273785,0.746387,1.368925
2026-02-10T03:00:00+05:00,2026-02-09T22:00:00Z,2026-02-08T19:00:00Z,27,0.0,0.196225,0.544708,0.981125
2026-02-10T04:00:00+05:00,2026-02-09T23:00:00Z,2026-02-08T19:00:00Z,28,0.0,0.151341,0.489325,0.756705
2026-02-10T05:00:00+05:00,2026-02-10T00:00:00Z,2026-02-08T19:00:00Z,29,0.0,0.295542,0.784552,1.47771
2026-02-10T06:00:00+05:00,2026-02-10T01:00:00Z,2026-02-08T19:00:00Z,30,0.0,0.362405,0.90793,1.812025
2026-02-10T07:00:00+05:00,2026-02-10T02:00:00Z,2026-02-08T19:00:00Z,31,0.0,0.301095,0.75437,1.505475
2026-02-10T08:00:00+05:00,2026-02-10T03:00:00Z,2026-02-08T19:00:00Z,32,0.0,0.262187,0.754467,1.310935
2026-02-10T09:00:00+05:00,2026-02-10T04:00:00Z,2026-02-08T19:00:00Z,33,0.0,0.180408,0.595289,0.90204
2026-02-10T10:00:00+05:00,2026-02-10T05:00:00Z,2026-02-08T19:00:00Z,34,0.0,0.171241,0.587536,0.856205
2026-02-10T11:00:00+05:00,2026-02-10T06:00:00Z,2026-02-08T19:00:00Z,35,0.0,0.116921,0.517145,0.584605
2026-02-10T12:00:00+05:00,2026-02-10T07:00:00Z,2026-02-08T19:00:00Z,36,0.0,0.295971,0.739192,1.479855
2026-02-10T13:00:00+05:00,2026-02-10T08:00:00Z,2026-02-08T19:00:00Z,37,0.042672,0.398266,0.84773,1.99133
2026-02-10T14:00:00+05:00,2026-02-10T09:00:00Z,2026-02-08T19:00:00Z,38,0.090535,0.438684,0.890424,2.19342
2026-02-10T15:00:00+05:00,2026-02-10T10:00:00Z,2026-02-08T19:00:00Z,39,0.028676,0.386534,0.925594,1.93267
2026-02-10T16:00:00+05:00,2026-02-10T11:00:00Z,2026-02-08T19:00:00Z,40,0.023515,0.408305,0.919021,2.041525
2026-02-10T17:00:00+05:00,2026-02-10T12:00:00Z,2026-02-08T19:00:00Z,41,0.017762,0.35453,0.904725,1.77265
2026-02-10T18:00:00+05:00,2026-02-10T13:00:00Z,2026-02-08T19:00:00Z,42,0.0,0.302156,0.87036,1.51078
2026-02-10T19:00:00+05:00,2026-02-10T14:00:00Z,2026-02-08T19:00:00Z,43,0.0,0.187658,0.665377,0.93829
2026-02-10T20:00:00+05:00,2026-02-10T15:00:00Z,2026-02-08T19:00:00Z,44,0.0,0.300208,0.760521,1.50104
2026-02-10T21:00:00+05:00,2026-02-10T16:00:00Z,2026-02-08T19:00:00Z,45,0.0,0.279801,0.752354,1.399005
2026-02-10T22:00:00+05:00,2026-02-10T17:00:00Z,2026-02-08T19:00:00Z,46,0.007513,0.394316,0.882611,1.97158
2026-02-10T23:00:00+05:00,2026-02-10T18:00:00Z,2026-02-08T19:00:00Z,47,0.06605,0.482137,0.912488,2.410685
2026-02-11T00:00:00+05:00,2026-02-10T19:00:00Z,2026-02-08T19:00:00Z,48,0.296938,0.712904,0.973636,3.56452
2026-02-10T01:00:00+05:00,2026-02-09T20:00:00Z,2026-02-09T19:00:00Z,1,0.018776,0.361588,0.90943,1.80794
2026-02-10T02:00:00+05:00,2026-02-09T21:00:00Z,2026-02-09T19:00:00Z,2,0.0,0.300317,0.839966,1.501585
2026-02-10T03:00:00+05:00,2026-02-09T22:00:00Z,2026-02-09T19:00:00Z,3,0.103004,0.482791,0.979534,2.413955
2026-02-10T04:00:00+05:00,2026-02-09T23:00:00Z,2026-02-09T19:00:00Z,4,0.0,0.218531,0.645853,1.092655
2026-02-10T05:00:00+05:00,2026-02-10T00:00:00Z,2026-02-09T19:00:00Z,5,0.0,0.101245,0.474332,0.506225
2026-02-10T06:00:00+05:00,2026-02-10T01:00:00Z,2026-02-09T19:00:00Z,6,0.0,0.135979,0.538474,0.679895
2026-02-10T07:00:00+05:00,2026-02-10T02:00:00Z,2026-02-09T19:00:00Z,7,0.088071,0.487945,0.962344,2.439725
2026-02-10T08:00:00+05:00,2026-02-10T03:00:00Z,2026-02-09T19:00:00Z,8,0.0,0.313852,0.807431,1.56926
2026-02-10T09:00:00+05:00,2026-02-10T04:00:00Z,2026-02-09T19:00:00Z,9,0.084596,0.513508,0.944532,2.56754
2026-02-10T10:00:00+05:00,2026-02-10T05:00:00Z,2026-02-09T19:00:00Z,10,0.175136,0.604654,0.980241,3.02327
2026-02-10T11:00:00+05:00,2026-02-10T06:00:00Z,2026-02-09T19:00:00Z,11,0.022221,0.40295,0.867765,2.01475
2026-02-10T12:00:00+05:00,2026-02-10T07:00:00Z,2026-02-09T19:00:00Z,12,0.005921,0.412818,0.863713,2.06409
2026-02-10T13:00:00+05:00,2026-02-10T08:00:00Z,2026-02-09T19:00:00Z,13,0.0,0.222011,0.607641,1.110055
2026-02-10T14:00:00+05:00,2026-02-10T09:00:00Z,2026-02-09T19:00:00Z,14,0.0,0.10526,0.423982,0.5263
2026-02-10T15:00:00+05:00,2026-02-10T10:00:00Z,2026-02-09T19:00:00Z,15,0.0,0.252136,0.769395,1.26068
2026-02-10T16:00:00+05:00,2026-02-10T11:00:00Z,2026-02-09T19:00:00Z,16,0.0,0.207808,0.700379,1.03904
2026-02-10T17:00:00+05:00,2026-02-10T12:00:00Z,2026-02-09T19:00:00Z,17,0.0,0.186664,0.624842,0.93332
2026-02-10T18:00:00+05:00,2026-02-10T13:00:00Z,2026-02-09T19:00:00Z,18,0.0,0.149551,0.613429,0.747755
2026-02-10T19:00:00+05:00,2026-02-10T14:00:00Z,2026-02-09T19:00:00Z,19,0.0,0.156136,0.494333,0.78068
2026-02-10T20:00:00+05:00,2026-02-10T15:00:00Z,2026-02-09T19:00:00Z,20,0.0,0.272855,0.706334,1.364275
2026-02-10T21:00:00+05:00,2026-02-10T16:00:00Z,2026-02-09T19:00:00Z,21,0.0,0.329189,0.818049,1.645945
2026-02-10T22:00:00+05:00,2026-02-10T17:00:00Z,2026-02-09T19:00:00Z,22,0.269684,0.686473,0.968885,3.432365
2026-02-10T23:00:00+05:00,2026-02-10T18:00:00Z,2026-02-09T19:00:00Z,23,0.301513,0.755286,0.97616,3.77643
2026-02-11T00:00:00+05:00,2026-02-10T19:00:00Z,2026-02-09T19:00:00Z,24,0.435563,0.81039,0.980749,4.05195
2026-02-11T01:00:00+05:00,2026-02-10T20:00:00Z,2026-02-09T19:00:00Z,25,0.408827,0.801889,0.980549,4.009445
2026-02-11T02:00:00+05:00,2026-02-10T21:00:00Z,2026-02-09T19:00:00Z,26,0.447531,0.802073,0.980405,4.010365
2026-02-11T03:00:00+05:00,2026-02-10T22:00:00Z,2026-02-09T19:00:00Z,27,0.407335,0.774964,0.976886,3.87482
2026-02-11T04:00:00+05:00,2026-02-10T23:00:00Z,2026-02-09T19:00:00Z,28,0.379792,0.767573,0.978576,3.837865
2026-02-11T05:00:00+05:00,2026-02-11T00:00:00Z,2026-02-09T19:00:00Z,29,0.168915,0.544038,0.926422,2.72019
2026-02-11T06:00:00+05:00,2026-02-11T01:00:00Z,2026-02-09T19:00:00Z,30,0.0,0.088976,0.392343,0.44488
2026-02-11T07:00:00+05:00,2026-02-11T02:00:00Z,2026-02-09T19:00:00Z,31,0.0,0.042591,0.312252,0.212955
2026-02-11T08:00:00+05:00,2026-02-11T03:00:00Z,2026-02-09T19:00:00Z,32,0.0,0.038191,0.270715,0.190955
2026-02-11T09:00:00+05:00,2026-02-11T04:00:00Z,2026-02-09T19:00:00Z,33,0.0,0.056315,0.325157,0.281575
2026-02-11T10:00:00+05:00,2026-02-11T05:00:00Z,2026-02-09T19:00:00Z,34,0.0,0.06433,0.315847,0.32165
2026-02-11T11:00:00+05:00,2026-02-11T06:00:00Z,2026-02-09T19:00:00Z,35,0.013324,0.362567,0.818717,1.812835
2026-02-11T12:00:00+05:00,2026-02-11T07:00:00Z,2026-02-09T19:00:00Z,36,0.021374,0.374179,0.86067,1.870895
2026-02-11T13:00:00+05:00,2026-02-11T08:00:00Z,2026-02-09T19:00:00Z,37,0.0,0.307902,0.840039,1.53951
2026-02-11T14:00:00+05:00,2026-02-11T09:00:00Z,2026-02-09T19:00:00Z,38,0.0,0.196623,0.673168,0.983115
2026-02-11T15:00:00+05:00,2026-02-11T10:00:00Z,2026-02-09T19:00:00Z,39,0.167103,0.552525,0.9496,2.762625
2026-02-11T16:00:00+05:00,2026-02-11T11:00:00Z,2026-02-09T19:00:00Z,40,0.356068,0.764478,0.982394,3.82239
2026-02-11T17:00:00+05:00,2026-02-11T12:00:00Z,2026-02-09T19:00:00Z,41,0.519596,0.820142,0.981571,4.10071
2026-02-11T18:00:00+05:00,2026-02-11T13:00:00Z,2026-02-09T19:00:00Z,42,0.559704,0.814691,0.98056,4.073455
2026-02-11T19:00:00+05:00,2026-02-11T14:00:00Z,2026-02-09T19:00:00Z,43,0.421823,0.768651,0.97642,3.843255
2026-02-11T20:00:00+05:00,2026-02-11T15:00:00Z,2026-02-09T19:00:00Z,44,0.388746,0.742255,0.972066,3.711275
2026-02-11T21:00:00+05:00,2026-02-11T16:00:00Z,2026-02-09T19:00:00Z,45,0.271921,0.652622,0.965351,3.26311
2026-02-11T22:00:00+05:00,2026-02-11T17:00:00Z,2026-02-09T19:00:00Z,46,0.201817,0.591572,0.966549,2.95786
2026-02-11T23:00:00+05:00,2026-02-11T18:00:00Z,2026-02-09T19:00:00Z,47,0.332501,0.69,0.971514,3.45
2026-02-12T00:00:00+05:00,2026-02-11T19:00:00Z,2026-02-09T19:00:00Z,48,0.151983,0.549589,0.914513,2.747945
2026-02-11T01:00:00+05:00,2026-02-10T20:00:00Z,2026-02-10T19:00:00Z,1,0.437642,0.805656,0.981325,4.02828
2026-02-11T02:00:00+05:00,2026-02-10T21:00:00Z,2026-02-10T19:00:00Z,2,0.388533,0.77121,0.977624,3.85605
2026-02-11T03:00:00+05:00,2026-02-10T22:00:00Z,2026-02-10T19:00:00Z,3,0.458706,0.791165,0.976479,3.955825
2026-02-11T04:00:00+05:00,2026-02-10T23:00:00Z,2026-02-10T19:00:00Z,4,0.383502,0.74941,0.977596,3.74705
2026-02-11T05:00:00+05:00,2026-02-11T00:00:00Z,2026-02-10T19:00:00Z,5,0.130211,0.485745,0.892653,2.428725
2026-02-11T06:00:00+05:00,2026-02-11T01:00:00Z,2026-02-10T19:00:00Z,6,0.0,0.068239,0.335797,0.341195
2026-02-11T07:00:00+05:00,2026-02-11T02:00:00Z,2026-02-10T19:00:00Z,7,0.0,0.033767,0.261224,0.168835
2026-02-11T08:00:00+05:00,2026-02-11T03:00:00Z,2026-02-10T19:00:00Z,8,0.0,0.033246,0.249366,0.16623
2026-02-11T09:00:00+05:00,2026-02-11T04:00:00Z,2026-02-10T19:00:00Z,9,0.0,0.038678,0.286744,0.19339
2026-02-11T10:00:00+05:00,2026-02-11T05:00:00Z,2026-02-10T19:00:00Z,10,0.0,0.124982,0.483012,0.62491
2026-02-11T11:00:00+05:00,2026-02-11T06:00:00Z,2026-02-10T19:00:00Z,11,0.0,0.334916,0.868775,1.67458
2026-02-11T12:00:00+05:00,2026-02-11T07:00:00Z,2026-02-10T19:00:00Z,12,0.115234,0.520039,0.945643,2.600195
2026-02-11T13:00:00+05:00,2026-02-11T08:00:00Z,2026-02-10T19:00:00Z,13,0.0,0.373345,0.832682,1.866725
2026-02-11T14:00:00+05:00,2026-02-11T09:00:00Z,2026-02-10T19:00:00Z,14,0.0,0.146786,0.51982,0.73393
2026-02-11T15:00:00+05:00,2026-02-11T10:00:00Z,2026-02-10T19:00:00Z,15,0.040377,0.403652,0.886693,2.01826
2026-02-11T16:00:00+05:00,2026-02-11T11:00:00Z,2026-02-10T19:00:00Z,16,0.317898,0.731408,0.979362,3.65704
2026-02-11T17:00:00+05:00,2026-02-11T12:00:00Z,2026-02-10T19:00:00Z,17,0.519112,0.816189,0.980478,4.080945
2026-02-11T18:00:00+05:00,2026-02-11T13:00:00Z,2026-02-10T19:00:00Z,18,0.559811,0.820477,0.979974,4.102385
2026-02-11T19:00:00+05:00,2026-02-11T14:00:00Z,2026-02-10T19:00:00Z,19,0.500254,0.819817,0.982296,4.099085
2026-02-11T20:00:00+05:00,2026-02-11T15:00:00Z,2026-02-10T19:00:00Z,20,0.624497,0.822892,0.981343,4.11446
2026-02-11T21:00:00+05:00,2026-02-11T16:00:00Z,2026-02-10T19:00:00Z,21,0.609678,0.820472,0.981909,4.10236
2026-02-11T22:00:00+05:00,2026-02-11T17:00:00Z,2026-02-10T19:00:00Z,22,0.42557,0.776298,0.976605,3.88149
2026-02-11T23:00:00+05:00,2026-02-11T18:00:00Z,2026-02-10T19:00:00Z,23,0.392152,0.759121,0.974686,3.795605
2026-02-12T00:00:00+05:00,2026-02-11T19:00:00Z,2026-02-10T19:00:00Z,24,0.400788,0.739794,0.970552,3.69897
2026-02-12T01:00:00+05:00,2026-02-11T20:00:00Z,2026-02-10T19:00:00Z,25,0.304816,0.671909,0.96865,3.359545
2026-02-12T02:00:00+05:00,2026-02-11T21:00:00Z,2026-02-10T19:00:00Z,26,0.148975,0.55665,0.929062,2.78325
2026-02-12T03:00:00+05:00,2026-02-11T22:00:00Z,2026-02-10T19:00:00Z,27,0.062617,0.446571,0.85953,2.232855
2026-02-12T04:00:00+05:00,2026-02-11T23:00:00Z,2026-02-10T19:00:00Z,28,0.090394,0.458638,0.88322,2.29319
2026-02-12T05:00:00+05:00,2026-02-12T00:00:00Z,2026-02-10T19:00:00Z,29,0.068355,0.407188,0.852768,2.03594
2026-02-12T06:00:00+05:00,2026-02-12T01:00:00Z,2026-02-10T19:00:00Z,30,0.0,0.27753,0.698249,1.38765
2026-02-12T07:00:00+05:00,2026-02-12T02:00:00Z,2026-02-10T19:00:00Z,31,0.0,0.13637,0.491371,0.68185
2026-02-12T08:00:00+05:00,2026-02-12T03:00:00Z,2026-02-10T19:00:00Z,32,0.0,0.110233,0.374248,0.551165
2026-02-12T09:00:00+05:00,2026-02-12T04:00:00Z,2026-02-10T19:00:00Z,33,0.0,0.05155,0.29743,0.25775
2026-02-12T10:00:00+05:00,2026-02-12T05:00:00Z,2026-02-10T19:00:00Z,34,0.0,0.042392,0.277624,0.21196
2026-02-12T11:00:00+05:00,2026-02-12T06:00:00Z,2026-02-10T19:00:00Z,35,0.0,0.029944,0.237803,0.14972
2026-02-12T12:00:00+05:00,2026-02-12T07:00:00Z,2026-02-10T19:00:00Z,36,0.0,0.040456,0.256373,0.20228
2026-02-12T13:00:00+05:00,2026-02-12T08:00:00Z,2026-02-10T19:00:00Z,37,0.0,0.041727,0.27326,0.208635
2026-02-12T14:00:00+05:00,2026-02-12T09:00:00Z,2026-02-10T19:00:00Z,38,0.0,0.041868,0.283449,0.20934
2026-02-12T15:00:00+05:00,2026-02-12T10:00:00Z,2026-02-10T19:00:00Z,39,0.0,0.085951,0.414987,0.429755
2026-02-12T16:00:00+05:00,2026-02-12T11:00:00Z,2026-02-10T19:00:00Z,40,0.0,0.155061,0.522277,0.775305
2026-02-12T17:00:00+05:00,2026-02-12T12:00:00Z,2026-02-10T19:00:00Z,41,0.0,0.254951,0.761884,1.274755
2026-02-12T18:00:00+05:00,2026-02-12T13:00:00Z,2026-02-10T19:00:00Z,42,0.017769,0.331329,0.880346,1.656645
2026-02-12T19:00:00+05:00,2026-02-12T14:00:00Z,2026-02-10T19:00:00Z,43,0.0,0.274897,0.727276,1.374485
2026-02-12T20:00:00+05:00,2026-02-12T15:00:00Z,2026-02-10T19:00:00Z,44,0.0,0.24547,0.694018,1.22735
2026-02-12T21:00:00+05:00,2026-02-12T16:00:00Z,2026-02-10T19:00:00Z,45,0.0,0.225252,0.665137,1.12626
2026-02-12T22:00:00+05:00,2026-02-12T17:00:00Z,2026-02-10T19:00:00Z,46,0.0,0.182817,0.632025,0.914085
2026-02-12T23:00:00+05:00,2026-02-12T18:00:00Z,2026-02-10T19:00:00Z,47,0.0,0.136248,0.438146,0.68124
2026-02-13T00:00:00+05:00,2026-02-12T19:00:00Z,2026-02-10T19:00:00Z,48,0.0,0.099272,0.441528,0.49636
2026-02-12T01:00:00+05:00,2026-02-11T20:00:00Z,2026-02-11T19:00:00Z,1,0.154521,0.558169,0.924369,2.790845
2026-02-12T02:00:00+05:00,2026-02-11T21:00:00Z,2026-02-11T19:00:00Z,2,0.183924,0.56941,0.936749,2.84705
2026-02-12T03:00:00+05:00,2026-02-11T22:00:00Z,2026-02-11T19:00:00Z,3,0.11594,0.504701,0.90631,2.523505
2026-02-12T04:00:00+05:00,2026-02-11T23:00:00Z,2026-02-11T19:00:00Z,4,0.078555,0.422198,0.826534,2.11099
2026-02-12T05:00:00+05:00,2026-02-12T00:00:00Z,2026-02-11T19:00:00Z,5,0.0,0.156399,0.513554,0.781995
2026-02-12T06:00:00+05:00,2026-02-12T01:00:00Z,2026-02-11T19:00:00Z,6,0.0,0.099187,0.349708,0.495935
2026-02-12T07:00:00+05:00,2026-02-12T02:00:00Z,2026-02-11T19:00:00Z,7,0.0,0.032269,0.229421,0.161345
2026-02-12T08:00:00+05:00,2026-02-12T03:00:00Z,2026-02-11T19:00:00Z,8,0.0,0.025353,0.222212,0.126765
2026-02-12T09:00:00+05:00,2026-02-12T04:00:00Z,2026-02-11T19:00:00Z,9,0.0,0.023035,0.200279,0.115175
2026-02-12T10:00:00+05:00,2026-02-12T05:00:00Z,2026-02-11T19:00:00Z,10,0.0,0.020987,0.185479,0.104935
2026-02-12T11:00:00+05:00,2026-02-12T06:00:00Z,2026-02-11T19:00:00Z,11,0.0,0.051772,0.32423,0.25886
2026-02-12T12:00:00+05:00,2026-02-12T07:00:00Z,2026-02-11T19:00:00Z,12,0.0,0.08209,0.478141,0.41045
2026-02-12T13:00:00+05:00,2026-02-12T08:00:00Z,2026-02-11T19:00:00Z,13,0.0,0.179808,0.613054,0.89904
2026-02-12T14:00:00+05:00,2026-02-12T09:00:00Z,2026-02-11T19:00:00Z,14,0.0,0.15756,0.563328,0.7878
2026-02-12T15:00:00+05:00,2026-02-12T10:00:00Z,2026-02-11T19:00:00Z,15,0.0,0.161782,0.552598,0.80891
2026-02-12T16:00:00+05:00,2026-02-12T11:00:00Z,2026-02-11T19:00:00Z,16,0.0,0.129341,0.523731,0.646705
2026-02-12T17:00:00+05:00,2026-02-12T12:00:00Z,2026-02-11T19:00:00Z,17,0.0,0.14905,0.511604,0.74525
2026-02-12T18:00:00+05:00,2026-02-12T13:00:00Z,2026-02-11T19:00:00Z,18,0.0,0.172847,0.582148,0.864235
2026-02-12T19:00:00+05:00,2026-02-12T14:00:00Z,2026-02-11T19:00:00Z,19,0.0,0.211461,0.642755,1.057305
2026-02-12T20:00:00+05:00,2026-02-12T15:00:00Z,2026-02-11T19:00:00Z,20,0.0,0.230147,0.653471,1.150735
2026-02-12T21:00:00+05:00,2026-02-12T16:00:00Z,2026-02-11T19:00:00Z,21,0.0,0.256142,0.706492,1.28071
2026-02-12T22:00:00+05:00,2026-02-12T17:00:00Z,2026-02-11T19:00:00Z,22,0.0,0.283561,0.758433,1.417805
2026-02-12T23:00:00+05:00,2026-02-12T18:00:00Z,2026-02-11T19:00:00Z,23,0.0,0.148047,0.568438,0.740235
2026-02-13T00:00:00+05:00,2026-02-12T19:00:00Z,2026-02-11T19:00:00Z,24,0.0,0.145219,0.556507,0.726095
2026-02-13T01:00:00+05:00,2026-02-12T20:00:00Z,2026-02-11T19:00:00Z,25,0.0,0.119749,0.599911,0.598745
2026-02-13T02:00:00+05:00,2026-02-12T21:00:00Z,2026-02-11T19:00:00Z,26,0.0,0.104611,0.458801,0.523055
2026-02-13T03:00:00+05:00,2026-02-12T22:00:00Z,2026-02-11T19:00:00Z,27,0.0,0.10692,0.450915,0.5346
2026-02-13T04:00:00+05:00,2026-02-12T23:00:00Z,2026-02-11T19:00:00Z,28,0.0,0.064811,0.368375,0.324055
2026-02-13T05:00:00+05:00,2026-02-13T00:00:00Z,2026-02-11T19:00:00Z,29,0.0,0.049333,0.320855,0.246665
2026-02-13T06:00:00+05:00,2026-02-13T01:00:00Z,2026-02-11T19:00:00Z,30,0.0,0.039198,0.274399,0.19599
2026-02-13T07:00:00+05:00,2026-02-13T02:00:00Z,2026-02-11T19:00:00Z,31,0.0,0.037274,0.269302,0.18637
2026-02-13T08:00:00+05:00,2026-02-13T03:00:00Z,2026-02-11T19:00:00Z,32,0.0,0.046224,0.31473,0.23112
2026-02-13T09:00:00+05:00,2026-02-13T04:00:00Z,2026-02-11T19:00:00Z,33,0.0,0.053357,0.307906,0.266785
2026-02-13T10:00:00+05:00,2026-02-13T05:00:00Z,2026-02-11T19:00:00Z,34,0.0,0.033214,0.246697,0.16607
2026-02-13T11:00:00+05:00,2026-02-13T06:00:00Z,2026-02-11T19:00:00Z,35,0.0,0.050229,0.304609,0.251145
2026-02-13T12:00:00+05:00,2026-02-13T07:00:00Z,2026-02-11T19:00:00Z,36,0.0,0.027401,0.229536,0.137005
2026-02-13T13:00:00+05:00,2026-02-13T08:00:00Z,2026-02-11T19:00:00Z,37,0.0,0.038069,0.259663,0.190345
2026-02-13T14:00:00+05:00,2026-02-13T09:00:00Z,2026-02-11T19:00:00Z,38,0.0,0.041105,0.248357,0.205525
2026-02-13T15:00:00+05:00,2026-02-13T10:00:00Z,2026-02-11T19:00:00Z,39,0.0,0.04953,0.299187,0.24765
2026-02-13T16:00:00+05:00,2026-02-13T11:00:00Z,2026-02-11T19:00:00Z,40,0.0,0.079632,0.37764,0.39816
2026-02-13T17:00:00+05:00,2026-02-13T12:00:00Z,2026-02-11T19:00:00Z,41,0.0,0.09493,0.38501,0.47465
2026-02-13T18:00:00+05:00,2026-02-13T13:00:00Z,2026-02-11T19:00:00Z,42,0.0,0.081553,0.379279,0.407765
2026-02-13T19:00:00+05:00,2026-02-13T14:00:00Z,2026-02-11T19:00:00Z,43,0.0,0.157121,0.577886,0.785605
2026-02-13T20:00:00+05:00,2026-02-13T15:00:00Z,2026-02-11T19:00:00Z,44,0.0,0.12368,0.433442,0.6184
2026-02-13T21:00:00+05:00,2026-02-13T16:00:00Z,2026-02-11T19:00:00Z,45,0.0,0.096791,0.3677,0.483955
2026-02-13T22:00:00+05:00,2026-02-13T17:00:00Z,2026-02-11T19:00:00Z,46,0.0,0.18519,0.582083,0.92595
2026-02-13T23:00:00+05:00,2026-02-13T18:00:00Z,2026-02-11T19:00:00Z,47,0.0,0.336336,0.738705,1.68168
2026-02-14T00:00:00+05:00,2026-02-13T19:00:00Z,2026-02-11T19:00:00Z,48,0.073773,0.459736,0.883511,2.29868
2026-02-13T01:00:00+05:00,2026-02-12T20:00:00Z,2026-02-12T19:00:00Z,1,0.0,0.031276,0.246597,0.15638
2026-02-13T02:00:00+05:00,2026-02-12T21:00:00Z,2026-02-12T19:00:00Z,2,0.0,0.035711,0.262686,0.178555
2026-02-13T03:00:00+05:00,2026-02-12T22:00:00Z,2026-02-12T19:00:00Z,3,0.0,0.042238,0.278977,0.21119
2026-02-13T04:00:00+05:00,2026-02-12T23:00:00Z,2026-02-12T19:00:00Z,4,0.0,0.043349,0.287654,0.216745
2026-02-13T05:00:00+05:00,2026-02-13T00:00:00Z,2026-02-12T19:00:00Z,5,0.0,0.036523,0.278158,0.182615
2026-02-13T06:00:00+05:00,2026-02-13T01:00:00Z,2026-02-12T19:00:00Z,6,0.0,0.049053,0.304311,0.245265
2026-02-13T07:00:00+05:00,2026-02-13T02:00:00Z,2026-02-12T19:00:00Z,7,0.0,0.0477,0.289547,0.2385
2026-02-13T08:00:00+05:00,2026-02-13T03:00:00Z,2026-02-12T19:00:00Z,8,0.0,0.047553,0.298421,0.237765
2026-02-13T09:00:00+05:00,2026-02-13T04:00:00Z,2026-02-12T19:00:00Z,9,0.0,0.039328,0.266132,0.19664
2026-02-13T10:00:00+05:00,2026-02-13T05:00:00Z,2026-02-12T19:00:00Z,10,0.0,0.084883,0.425237,0.424415
2026-02-13T11:00:00+05:00,2026-02-13T06:00:00Z,2026-02-12T19:00:00Z,11,0.0,0.034033,0.266782,0.170165
2026-02-13T12:00:00+05:00,2026-02-13T07:00:00Z,2026-02-12T19:00:00Z,12,0.0,0.017644,0.173217,0.08822
2026-02-13T13:00:00+05:00,2026-02-13T08:00:00Z,2026-02-12T19:00:00Z,13,0.0,0.022343,0.2041,0.111715
2026-02-13T14:00:00+05:00,2026-02-13T09:00:00Z,2026-02-12T19:00:00Z,14,0.0,0.024912,0.213283,0.12456
2026-02-13T15:00:00+05:00,2026-02-13T10:00:00Z,2026-02-12T19:00:00Z,15,0.0,0.036328,0.245664,0.18164
2026-02-13T16:00:00+05:00,2026-02-13T11:00:00Z,2026-02-12T19:00:00Z,16,0.0,0.036119,0.257399,0.180595
2026-02-13T17:00:00+05:00,2026-02-13T12:00:00Z,2026-02-12T19:00:00Z,17,0.0,0.035766,0.266004,0.17883
2026-02-13T18:00:00+05:00,2026-02-13T13:00:00Z,2026-02-12T19:00:00Z,18,0.0,0.054687,0.287667,0.273435
2026-02-13T19:00:00+05:00,2026-02-13T14:00:00Z,2026-02-12T19:00:00Z,19,0.0,0.094139,0.367346,0.470695
2026-02-13T20:00:00+05:00,2026-02-13T15:00:00Z,2026-02-12T19:00:00Z,20,0.0,0.088042,0.35335,0.44021
2026-02-13T21:00:00+05:00,2026-02-13T16:00:00Z,2026-02-12T19:00:00Z,21,0.0,0.210261,0.695099,1.051305
2026-02-13T22:00:00+05:00,2026-02-13T17:00:00Z,2026-02-12T19:00:00Z,22,0.0,0.144118,0.467606,0.72059
2026-02-13T23:00:00+05:00,2026-02-13T18:00:00Z,2026-02-12T19:00:00Z,23,0.158919,0.555921,0.939936,2.779605
2026-02-14T00:00:00+05:00,2026-02-13T19:00:00Z,2026-02-12T19:00:00Z,24,0.187316,0.596703,0.951328,2.983515
2026-02-14T01:00:00+05:00,2026-02-13T20:00:00Z,2026-02-12T19:00:00Z,25,0.259084,0.673074,0.971444,3.36537
2026-02-14T02:00:00+05:00,2026-02-13T21:00:00Z,2026-02-12T19:00:00Z,26,0.280776,0.660381,0.963805,3.301905
2026-02-14T03:00:00+05:00,2026-02-13T22:00:00Z,2026-02-12T19:00:00Z,27,0.293398,0.681682,0.971768,3.40841
2026-02-14T04:00:00+05:00,2026-02-13T23:00:00Z,2026-02-12T19:00:00Z,28,0.332634,0.68928,0.972595,3.4464
2026-02-14T05:00:00+05:00,2026-02-14T00:00:00Z,2026-02-12T19:00:00Z,29,0.272668,0.654154,0.965964,3.27077
2026-02-14T06:00:00+05:00,2026-02-14T01:00:00Z,2026-02-12T19:00:00Z,30,0.0,0.211555,0.607248,1.057775
2026-02-14T07:00:00+05:00,2026-02-14T02:00:00Z,2026-02-12T19:00:00Z,31,0.0,0.115441,0.505472,0.577205
2026-02-14T08:00:00+05:00,2026-02-14T03:00:00Z,2026-02-12T19:00:00Z,32,0.0,0.119918,0.493068,0.59959
2026-02-14T09:00:00+05:00,2026-02-14T04:00:00Z,2026-02-12T19:00:00Z,33,0.0,0.105639,0.501566,0.528195
2026-02-14T10:00:00+05:00,2026-02-14T05:00:00Z,2026-02-12T19:00:00Z,34,0.0,0.108074,0.488004,0.54037
2026-02-14T11:00:00+05:00,2026-02-14T06:00:00Z,2026-02-12T19:00:00Z,35,0.0,0.119421,0.554101,0.597105
2026-02-14T12:00:00+05:00,2026-02-14T07:00:00Z,2026-02-12T19:00:00Z,36,0.0,0.161155,0.624817,0.805775
2026-02-14T13:00:00+05:00,2026-02-14T08:00:00Z,2026-02-12T19:00:00Z,37,0.0,0.200466,0.700229,1.00233
2026-02-14T14:00:00+05:00,2026-02-14T09:00:00Z,2026-02-12T19:00:00Z,38,0.0,0.286621,0.747586,1.433105
2026-02-14T15:00:00+05:00,2026-02-14T10:00:00Z,2026-02-12T19:00:00Z,39,0.0,0.148327,0.531848,0.741635
2026-02-14T16:00:00+05:00,2026-02-14T11:00:00Z,2026-02-12T19:00:00Z,40,0.0,0.259426,0.7088,1.29713
2026-02-14T17:00:00+05:00,2026-02-14T12:00:00Z,2026-02-12T19:00:00Z,41,0.0,0.231519,0.718278,1.157595
2026-02-14T18:00:00+05:00,2026-02-14T13:00:00Z,2026-02-12T19:00:00Z,42,0.0,0.075861,0.396818,0.379305
2026-02-14T19:00:00+05:00,2026-02-14T14:00:00Z,2026-02-12T19:00:00Z,43,0.0,0.115512,0.457488,0.57756
2026-02-14T20:00:00+05:00,2026-02-14T15:00:00Z,2026-02-12T19:00:00Z,44,0.0,0.207816,0.675675,1.03908
2026-02-14T21:00:00+05:00,2026-02-14T16:00:00Z,2026-02-12T19:00:00Z,45,0.0,0.215682,0.633947,1.07841
2026-02-14T22:00:00+05:00,2026-02-14T17:00:00Z,2026-02-12T19:00:00Z,46,0.0,0.124076,0.443748,0.62038
2026-02-14T23:00:00+05:00,2026-02-14T18:00:00Z,2026-02-12T19:00:00Z,47,0.0,0.107184,0.423054,0.53592
2026-02-15T00:00:00+05:00,2026-02-14T19:00:00Z,2026-02-12T19:00:00Z,48,0.0,0.17308,0.586665,0.8654
2026-02-14T01:00:00+05:00,2026-02-13T20:00:00Z,2026-02-13T19:00:00Z,1,0.494497,0.765692,0.98179,3.82846
2026-02-14T02:00:00+05:00,2026-02-13T21:00:00Z,2026-02-13T19:00:00Z,2,0.561181,0.800285,0.982729,4.001425
2026-02-14T03:00:00+05:00,2026-02-13T22:00:00Z,2026-02-13T19:00:00Z,3,0.547914,0.798531,0.977445,3.992655
2026-02-14T04:00:00+05:00,2026-02-13T23:00:00Z,2026-02-13T19:00:00Z,4,0.395191,0.756339,0.975693,3.781695
2026-02-14T05:00:00+05:00,2026-02-14T00:00:00Z,2026-02-13T19:00:00Z,5,0.026935,0.357025,0.807609,1.785125
2026-02-14T06:00:00+05:00,2026-02-14T01:00:00Z,2026-02-13T19:00:00Z,6,0.0,0.25393,0.624455,1.26965
2026-02-14T07:00:00+05:00,2026-02-14T02:00:00Z,2026-02-13T19:00:00Z,7,0.0,0.174927,0.53177,0.874635
2026-02-14T08:00:00+05:00,2026-02-14T03:00:00Z,2026-02-13T19:00:00Z,8,0.0,0.14701,0.467468,0.73505
2026-02-14T09:00:00+05:00,2026-02-14T04:00:00Z,2026-02-13T19:00:00Z,9,0.0,0.081635,0.334135,0.408175
2026-02-14T10:00:00+05:00,2026-02-14T05:00:00Z,2026-02-13T19:00:00Z,10,0.0,0.042452,0.26269,0.21226
2026-02-14T11:00:00+05:00,2026-02-14T06:00:00Z,2026-02-13T19:00:00Z,11,0.0,0.082075,0.393554,0.410375
2026-02-14T12:00:00+05:00,2026-02-14T07:00:00Z,2026-02-13T19:00:00Z,12,0.0,0.031698,0.231951,0.15849
2026-02-14T13:00:00+05:00,2026-02-14T08:00:00Z,2026-02-13T19:00:00Z,13,0.0,0.039988,0.289013,0.19994
2026-02-14T14:00:00+05:00,2026-02-14T09:00:00Z,2026-02-13T19:00:00Z,14,0.0,0.041966,0.281404,0.20983
2026-02-14T15:00:00+05:00,2026-02-14T10:00:00Z,2026-02-13T19:00:00Z,15,0.0,0.076377,0.330348,0.381885
2026-02-14T16:00:00+05:00,2026-02-14T11:00:00Z,2026-02-13T19:00:00Z,16,0.0,0.064284,0.308538,0.32142
2026-02-14T17:00:00+05:00,2026-02-14T12:00:00Z,2026-02-13T19:00:00Z,17,0.0,0.313929,0.795163,1.569645
2026-02-14T18:00:00+05:00,2026-02-14T13:00:00Z,2026-02-13T19:00:00Z,18,0.0,0.270202,0.803387,1.35101
2026-02-14T19:00:00+05:00,2026-02-14T14:00:00Z,2026-02-13T19:00:00Z,19,0.0,0.286327,0.822146,1.431635
2026-02-14T20:00:00+05:00,2026-02-14T15:00:00Z,2026-02-13T19:00:00Z,20,0.0,0.216663,0.699504,1.083315
2026-02-14T21:00:00+05:00,2026-02-14T16:00:00Z,2026-02-13T19:00:00Z,21,0.0,0.194539,0.645743,0.972695
2026-02-14T22:00:00+05:00,2026-02-14T17:00:00Z,2026-02-13T19:00:00Z,22,0.0,0.21199,0.715697,1.05995
2026-02-14T23:00:00+05:00,2026-02-14T18:00:00Z,2026-02-13T19:00:00Z,23,0.0,0.203108,0.676894,1.01554
2026-02-15T00:00:00+05:00,2026-02-14T19:00:00Z,2026-02-13T19:00:00Z,24,0.0,0.165474,0.629759,0.82737
2026-02-15T01:00:00+05:00,2026-02-14T20:00:00Z,2026-02-13T19:00:00Z,25,0.0,0.092031,0.426001,0.460155
2026-02-15T02:00:00+05:00,2026-02-14T21:00:00Z,2026-02-13T19:00:00Z,26,0.0,0.031428,0.237534,0.15714
2026-02-15T03:00:00+05:00,2026-02-14T22:00:00Z,2026-02-13T19:00:00Z,27,0.0,0.072229,0.344772,0.361145
2026-02-15T04:00:00+05:00,2026-02-14T23:00:00Z,2026-02-13T19:00:00Z,28,0.0,0.060733,0.330718,0.303665
2026-02-15T05:00:00+05:00,2026-02-15T00:00:00Z,2026-02-13T19:00:00Z,29,0.0,0.070149,0.298777,0.350745
2026-02-15T06:00:00+05:00,2026-02-15T01:00:00Z,2026-02-13T19:00:00Z,30,0.0,0.09049,0.352588,0.45245
2026-02-15T07:00:00+05:00,2026-02-15T02:00:00Z,2026-02-13T19:00:00Z,31,0.0,0.158639,0.484685,0.793195
2026-02-15T08:00:00+05:00,2026-02-15T03:00:00Z,2026-02-13T19:00:00Z,32,0.0,0.212097,0.633582,1.060485
2026-02-15T09:00:00+05:00,2026-02-15T04:00:00Z,2026-02-13T19:00:00Z,33,0.034456,0.375074,0.846156,1.87537
2026-02-15T10:00:00+05:00,2026-02-15T05:00:00Z,2026-02-13T19:00:00Z,34,0.254259,0.683799,0.970545,3.418995
2026-02-15T11:00:00+05:00,2026-02-15T06:00:00Z,2026-02-13T19:00:00Z,35,0.408317,0.767033,0.975268,3.835165
2026-02-15T12:00:00+05:00,2026-02-15T07:00:00Z,2026-02-13T19:00:00Z,36,0.537312,0.795389,0.974221,3.976945
2026-02-15T13:00:00+05:00,2026-02-15T08:00:00Z,2026-02-13T19:00:00Z,37,0.591001,0.815459,0.978733,4.077295
2026-02-15T14:00:00+05:00,2026-02-15T09:00:00Z,2026-02-13T19:00:00Z,38,0.628276,0.823007,0.978084,4.115035
2026-02-15T15:00:00+05:00,2026-02-15T10:00:00Z,2026-02-13T19:00:00Z,39,0.601908,0.81744,0.978204,4.0872
2026-02-15T16:00:00+05:00,2026-02-15T11:00:00Z,2026-02-13T19:00:00Z,40,0.595718,0.814181,0.97899,4.070905
2026-02-15T17:00:00+05:00,2026-02-15T12:00:00Z,2026-02-13T19:00:00Z,41,0.529974,0.795679,0.974265,3.978395
2026-02-15T18:00:00+05:00,2026-02-15T13:00:00Z,2026-02-13T19:00:00Z,42,0.462415,0.770461,0.974718,3.852305
2026-02-15T19:00:00+05:00,2026-02-15T14:00:00Z,2026-02-13T19:00:00Z,43,0.534714,0.79939,0.975725,3.99695
2026-02-15T20:00:00+05:00,2026-02-15T15:00:00Z,2026-02-13T19:00:00Z,44,0.524708,0.79804,0.975504,3.9902
2026-02-15T21:00:00+05:00,2026-02-15T16:00:00Z,2026-02-13T19:00:00Z,45,0.427904,0.776219,0.975807,3.881095
2026-02-15T22:00:00+05:00,2026-02-15T17:00:00Z,2026-02-13T19:00:00Z,46,0.482222,0.78862,0.976862,3.9431
2026-02-15T23:00:00+05:00,2026-02-15T18:00:00Z,2026-02-13T19:00:00Z,47,0.375427,0.731442,0.973063,3.65721
2026-02-16T00:00:00+05:00,2026-02-15T19:00:00Z,2026-02-13T19:00:00Z,48,0.462708,0.771778,0.977805,3.85889
2026-02-15T01:00:00+05:00,2026-02-14T20:00:00Z,2026-02-14T19:00:00Z,1,0.0,0.042207,0.286769,0.211035
2026-02-15T02:00:00+05:00,2026-02-14T21:00:00Z,2026-02-14T19:00:00Z,2,0.0,0.081712,0.377587,0.40856
2026-02-15T03:00:00+05:00,2026-02-14T22:00:00Z,2026-02-14T19:00:00Z,3,0.0,0.043766,0.297924,0.21883
2026-02-15T04:00:00+05:00,2026-02-14T23:00:00Z,2026-02-14T19:00:00Z,4,0.0,0.061639,0.323049,0.308195
2026-02-15T05:00:00+05:00,2026-02-15T00:00:00Z,2026-02-14T19:00:00Z,5,0.0,0.070382,0.341592,0.35191
2026-02-15T06:00:00+05:00,2026-02-15T01:00:00Z,2026-02-14T19:00:00Z,6,0.0,0.159462,0.521529,0.79731
2026-02-15T07:00:00+05:00,2026-02-15T02:00:00Z,2026-02-14T19:00:00Z,7,0.0,0.25254,0.660969,1.2627
2026-02-15T08:00:00+05:00,2026-02-15T03:00:00Z,2026-02-14T19:00:00Z,8,0.0,0.269784,0.750665,1.34892
2026-02-15T09:00:00+05:00,2026-02-15T04:00:00Z,2026-02-14T19:00:00Z,9,0.269558,0.668672,0.975804,3.34336
2026-02-15T10:00:00+05:00,2026-02-15T05:00:00Z,2026-02-14T19:00:00Z,10,0.463404,0.770753,0.976324,3.853765
2026-02-15T11:00:00+05:00,2026-02-15T06:00:00Z,2026-02-14T19:00:00Z,11,0.579082,0.811262,0.979884,4.05631
2026-02-15T12:00:00+05:00,2026-02-15T07:00:00Z,2026-02-14T19:00:00Z,12,0.631449,0.821202,0.978153,4.10601
2026-02-15T13:00:00+05:00,2026-02-15T08:00:00Z,2026-02-14T19:00:00Z,13,0.638583,0.821063,0.977576,4.105315
2026-02-15T14:00:00+05:00,2026-02-15T09:00:00Z,2026-02-14T19:00:00Z,14,0.635941,0.821393,0.977838,4.106965
2026-02-15T15:00:00+05:00,2026-02-15T10:00:00Z,2026-02-14T19:00:00Z,15,0.637222,0.821112,0.977435,4.10556
2026-02-15T16:00:00+05:00,2026-02-15T11:00:00Z,2026-02-14T19:00:00Z,16,0.588821,0.811233,0.978803,4.056165
2026-02-15T17:00:00+05:00,2026-02-15T12:00:00Z,2026-02-14T19:00:00Z,17,0.58579,0.809232,0.979534,4.04616
2026-02-15T18:00:00+05:00,2026-02-15T13:00:00Z,2026-02-14T19:00:00Z,18,0.598308,0.814978,0.979885,4.07489
2026-02-15T19:00:00+05:00,2026-02-15T14:00:00Z,2026-02-14T19:00:00Z,19,0.597206,0.815954,0.97947,4.07977
2026-02-15T20:00:00+05:00,2026-02-15T15:00:00Z,2026-02-14T19:00:00Z,20,0.597206,0.813754,0.979535,4.06877
2026-02-15T21:00:00+05:00,2026-02-15T16:00:00Z,2026-02-14T19:00:00Z,21,0.524059,0.788925,0.97619,3.944625
2026-02-15T22:00:00+05:00,2026-02-15T17:00:00Z,2026-02-14T19:00:00Z,22,0.484742,0.773975,0.976334,3.869875
2026-02-15T23:00:00+05:00,2026-02-15T18:00:00Z,2026-02-14T19:00:00Z,23,0.385786,0.730107,0.973381,3.650535
2026-02-16T00:00:00+05:00,2026-02-15T19:00:00Z,2026-02-14T19:00:00Z,24,0.284166,0.671273,0.973757,3.356365
2026-02-16T01:00:00+05:00,2026-02-15T20:00:00Z,2026-02-14T19:00:00Z,25,0.253392,0.641417,0.957477,3.207085
2026-02-16T02:00:00+05:00,2026-02-15T21:00:00Z,2026-02-14T19:00:00Z,26,0.249449,0.645063,0.958954,3.225315
2026-02-16T03:00:00+05:00,2026-02-15T22:00:00Z,2026-02-14T19:00:00Z,27,0.208466,0.591822,0.95438,2.95911
2026-02-16T04:00:00+05:00,2026-02-15T23:00:00Z,2026-02-14T19:00:00Z,28,0.070201,0.435155,0.832652,2.175775
2026-02-16T05:00:00+05:00,2026-02-16T00:00:00Z,2026-02-14T19:00:00Z,29,0.244339,0.601779,0.959558,3.008895
2026-02-16T06:00:00+05:00,2026-02-16T01:00:00Z,2026-02-14T19:00:00Z,30,0.124091,0.494621,0.870735,2.473105
2026-02-16T07:00:00+05:00,2026-02-16T02:00:00Z,2026-02-14T19:00:00Z,31,0.075718,0.465719,0.863119,2.328595
2026-02-16T08:00:00+05:00,2026-02-16T03:00:00Z,2026-02-14T19:00:00Z,32,0.021098,0.390282,0.785401,1.95141
2026-02-16T09:00:00+05:00,2026-02-16T04:00:00Z,2026-02-14T19:00:00Z,33,0.096144,0.556791,0.930301,2.783955
2026-02-16T10:00:00+05:00,2026-02-16T05:00:00Z,2026-02-14T19:00:00Z,34,0.055471,0.48701,0.884723,2.43505
2026-02-16T11:00:00+05:00,2026-02-16T06:00:00Z,2026-02-14T19:00:00Z,35,0.052467,0.48503,0.894162,2.42515
2026-02-16T12:00:00+05:00,2026-02-16T07:00:00Z,2026-02-14T19:00:00Z,36,0.290787,0.685136,0.9743,3.42568
2026-02-16T13:00:00+05:00,2026-02-16T08:00:00Z,2026-02-14T19:00:00Z,37,0.058137,0.475566,0.881381,2.37783
2026-02-16T14:00:00+05:00,2026-02-16T09:00:00Z,2026-02-14T19:00:00Z,38,0.074557,0.514353,0.914982,2.571765
2026-02-16T15:00:00+05:00,2026-02-16T10:00:00Z,2026-02-14T19:00:00Z,39,0.025755,0.497172,0.890106,2.48586
2026-02-16T16:00:00+05:00,2026-02-16T11:00:00Z,2026-02-14T19:00:00Z,40,0.178772,0.669732,0.972556,3.34866
2026-02-16T17:00:00+05:00,2026-02-16T12:00:00Z,2026-02-14T19:00:00Z,41,0.507912,0.785232,0.977925,3.92616
2026-02-16T18:00:00+05:00,2026-02-16T13:00:00Z,2026-02-14T19:00:00Z,42,0.553015,0.802267,0.979389,4.011335
2026-02-16T19:00:00+05:00,2026-02-16T14:00:00Z,2026-02-14T19:00:00Z,43,0.277488,0.682014,0.971659,3.41007
2026-02-16T20:00:00+05:00,2026-02-16T15:00:00Z,2026-02-14T19:00:00Z,44,0.288394,0.685875,0.976879,3.429375
2026-02-16T21:00:00+05:00,2026-02-16T16:00:00Z,2026-02-14T19:00:00Z,45,0.2954,0.69235,0.976879,3.46175
2026-02-16T22:00:00+05:00,2026-02-16T17:00:00Z,2026-02-14T19:00:00Z,46,0.3042,0.686187,0.972852,3.430935
2026-02-16T23:00:00+05:00,2026-02-16T18:00:00Z,2026-02-14T19:00:00Z,47,0.347806,0.736161,0.978712,3.680805
2026-02-17T00:00:00+05:00,2026-02-16T19:00:00Z,2026-02-14T19:00:00Z,48,0.153141,0.544843,0.913111,2.724215
2026-02-16T01:00:00+05:00,2026-02-15T20:00:00Z,2026-02-15T19:00:00Z,1,0.070889,0.438018,0.874859,2.19009
2026-02-16T02:00:00+05:00,2026-02-15T21:00:00Z,2026-02-15T19:00:00Z,2,0.139271,0.533865,0.925998,2.669325
2026-02-16T03:00:00+05:00,2026-02-15T22:00:00Z,2026-02-15T19:00:00Z,3,0.112295,0.495977,0.902564,2.479885
2026-02-16T04:00:00+05:00,2026-02-15T23:00:00Z,2026-02-15T19:00:00Z,4,0.134829,0.557949,0.932094,2.789745
2026-02-16T05:00:00+05:00,2026-02-16T00:00:00Z,2026-02-15T19:00:00Z,5,0.092609,0.54281,0.930142,2.71405
2026-02-16T06:00:00+05:00,2026-02-16T01:00:00Z,2026-02-15T19:00:00Z,6,0.202581,0.607308,0.955449,3.03654
2026-02-16T07:00:00+05:00,2026-02-16T02:00:00Z,2026-02-15T19:00:00Z,7,0.096678,0.520274,0.892055,2.60137
2026-02-16T08:00:00+05:00,2026-02-16T03:00:00Z,2026-02-15T19:00:00Z,8,0.0,0.398792,0.840286,1.99396
2026-02-16T09:00:00+05:00,2026-02-16T04:00:00Z,2026-02-15T19:00:00Z,9,0.043269,0.463014,0.881646,2.31507
2026-02-16T10:00:00+05:00,2026-02-16T05:00:00Z,2026-02-15T19:00:00Z,10,0.119674,0.55157,0.914964,2.75785
2026-02-16T11:00:00+05:00,2026-02-16T06:00:00Z,2026-02-15T19:00:00Z,11,0.228354,0.686863,0.976681,3.434315
2026-02-16T12:00:00+05:00,2026-02-16T07:00:00Z,2026-02-15T19:00:00Z,12,0.196601,0.653094,0.962487,3.26547
2026-02-16T13:00:00+05:00,2026-02-16T08:00:00Z,2026-02-15T19:00:00Z,13,0.196457,0.612853,0.962793,3.064265
2026-02-16T14:00:00+05:00,2026-02-16T09:00:00Z,2026-02-15T19:00:00Z,14,0.194205,0.678083,0.973535,3.390415
2026-02-16T15:00:00+05:00,2026-02-16T10:00:00Z,2026-02-15T19:00:00Z,15,0.309884,0.728095,0.970178,3.640475
2026-02-16T16:00:00+05:00,2026-02-16T11:00:00Z,2026-02-15T19:00:00Z,16,0.29877,0.718284,0.971378,3.59142
2026-02-16T17:00:00+05:00,2026-02-16T12:00:00Z,2026-02-15T19:00:00Z,17,0.518675,0.789199,0.974753,3.945995
2026-02-16T18:00:00+05:00,2026-02-16T13:00:00Z,2026-02-15T19:00:00Z,18,0.535837,0.797728,0.978339,3.98864
2026-02-16T19:00:00+05:00,2026-02-16T14:00:00Z,2026-02-15T19:00:00Z,19,0.531303,0.797887,0.978883,3.989435
2026-02-16T20:00:00+05:00,2026-02-16T15:00:00Z,2026-02-15T19:00:00Z,20,0.377584,0.719119,0.977935,3.595595
2026-02-16T21:00:00+05:00,2026-02-16T16:00:00Z,2026-02-15T19:00:00Z,21,0.388918,0.733696,0.977932,3.66848
2026-02-16T22:00:00+05:00,2026-02-16T17:00:00Z,2026-02-15T19:00:00Z,22,0.464441,0.762607,0.980295,3.813035
2026-02-16T23:00:00+05:00,2026-02-16T18:00:00Z,2026-02-15T19:00:00Z,23,0.303949,0.669423,0.974233,3.347115
2026-02-17T00:00:00+05:00,2026-02-16T19:00:00Z,2026-02-15T19:00:00Z,24,0.219266,0.619296,0.95789,3.09648
2026-02-17T01:00:00+05:00,2026-02-16T20:00:00Z,2026-02-15T19:00:00Z,25,0.295077,0.664093,0.971726,3.320465
2026-02-17T02:00:00+05:00,2026-02-16T21:00:00Z,2026-02-15T19:00:00Z,26,0.132695,0.553335,0.932984,2.766675
2026-02-17T03:00:00+05:00,2026-02-16T22:00:00Z,2026-02-15T19:00:00Z,27,0.192123,0.573399,0.935109,2.866995
2026-02-17T04:00:00+05:00,2026-02-16T23:00:00Z,2026-02-15T19:00:00Z,28,0.051819,0.458327,0.860896,2.291635
2026-02-17T05:00:00+05:00,2026-02-17T00:00:00Z,2026-02-15T19:00:00Z,29,0.0,0.133281,0.489876,0.666405
2026-02-17T06:00:00+05:00,2026-02-17T01:00:00Z,2026-02-15T19:00:00Z,30,0.0,0.149233,0.535155,0.746165
2026-02-17T07:00:00+05:00,2026-02-17T02:00:00Z,2026-02-15T19:00:00Z,31,0.0,0.116535,0.406746,0.582675
2026-02-17T08:00:00+05:00,2026-02-17T03:00:00Z,2026-02-15T19:00:00Z,32,0.0,0.112211,0.369162,0.561055
2026-02-17T09:00:00+05:00,2026-02-17T04:00:00Z,2026-02-15T19:00:00Z,33,0.0,0.11841,0.33658,0.59205
2026-02-17T10:00:00+05:00,2026-02-17T05:00:00Z,2026-02-15T19:00:00Z,34,0.0,0.082464,0.305495,0.41232
2026-02-17T11:00:00+05:00,2026-02-17T06:00:00Z,2026-02-15T19:00:00Z,35,0.0,0.149187,0.511685,0.745935
2026-02-17T12:00:00+05:00,2026-02-17T07:00:00Z,2026-02-15T19:00:00Z,36,0.0,0.207328,0.560884,1.03664
2026-02-17T13:00:00+05:00,2026-02-17T08:00:00Z,2026-02-15T19:00:00Z,37,0.0,0.217592,0.622009,1.08796
2026-02-17T14:00:00+05:00,2026-02-17T09:00:00Z,2026-02-15T19:00:00Z,38,0.0,0.283104,0.739928,1.41552
2026-02-17T15:00:00+05:00,2026-02-17T10:00:00Z,2026-02-15T19:00:00Z,39,0.0,0.346004,0.815247,1.73002
2026-02-17T16:00:00+05:00,2026-02-17T11:00:00Z,2026-02-15T19:00:00Z,40,0.02642,0.401451,0.844377,2.007255
2026-02-17T17:00:00+05:00,2026-02-17T12:00:00Z,2026-02-15T19:00:00Z,41,0.0,0.337372,0.850154,1.68686
2026-02-17T18:00:00+05:00,2026-02-17T13:00:00Z,2026-02-15T19:00:00Z,42,0.0,0.260291,0.748426,1.301455
2026-02-17T19:00:00+05:00,2026-02-17T14:00:00Z,2026-02-15T19:00:00Z,43,0.0,0.346439,0.794947,1.732195
2026-02-17T20:00:00+05:00,2026-02-17T15:00:00Z,2026-02-15T19:00:00Z,44,0.068422,0.491097,0.872699,2.455485
2026-02-17T21:00:00+05:00,2026-02-17T16:00:00Z,2026-02-15T19:00:00Z,45,0.070769,0.480545,0.867289,2.402725
2026-02-17T22:00:00+05:00,2026-02-17T17:00:00Z,2026-02-15T19:00:00Z,46,0.287715,0.664665,0.96711,3.323325
2026-02-17T23:00:00+05:00,2026-02-17T18:00:00Z,2026-02-15T19:00:00Z,47,0.011603,0.366275,0.809681,1.831375
2026-02-18T00:00:00+05:00,2026-02-17T19:00:00Z,2026-02-15T19:00:00Z,48,0.122975,0.52343,0.909431,2.61715
2026-02-17T01:00:00+05:00,2026-02-16T20:00:00Z,2026-02-16T19:00:00Z,1,0.150218,0.57851,0.936392,2.89255
2026-02-17T02:00:00+05:00,2026-02-16T21:00:00Z,2026-02-16T19:00:00Z,2,0.131328,0.526275,0.900211,2.631375
2026-02-17T03:00:00+05:00,2026-02-16T22:00:00Z,2026-02-16T19:00:00Z,3,0.067694,0.47575,0.877931,2.37875
2026-02-17T04:00:00+05:00,2026-02-16T23:00:00Z,2026-02-16T19:00:00Z,4,0.0,0.213041,0.548967,1.065205
2026-02-17T05:00:00+05:00,2026-02-17T00:00:00Z,2026-02-16T19:00:00Z,5,0.0,0.136166,0.416698,0.68083
2026-02-17T06:00:00+05:00,2026-02-17T01:00:00Z,2026-02-16T19:00:00Z,6,0.0,0.134508,0.392082,0.67254
2026-02-17T07:00:00+05:00,2026-02-17T02:00:00Z,2026-02-16T19:00:00Z,7,0.0,0.119033,0.429346,0.595165
2026-02-17T08:00:00+05:00,2026-02-17T03:00:00Z,2026-02-16T19:00:00Z,8,0.0,0.144638,0.425074,0.72319
2026-02-17T09:00:00+05:00,2026-02-17T04:00:00Z,2026-02-16T19:00:00Z,9,0.0,0.140697,0.474337,0.703485
2026-02-17T10:00:00+05:00,2026-02-17T05:00:00Z,2026-02-16T19:00:00Z,10,0.0,0.129631,0.40675,0.648155
2026-02-17T11:00:00+05:00,2026-02-17T06:00:00Z,2026-02-16T19:00:00Z,11,0.0,0.097877,0.342104,0.489385
2026-02-17T12:00:00+05:00,2026-02-17T07:00:00Z,2026-02-16T19:00:00Z,12,0.0,0.121559,0.486767,0.607795
2026-02-17T13:00:00+05:00,2026-02-17T08:00:00Z,2026-02-16T19:00:00Z,13,0.0,0.088611,0.319031,0.443055
2026-02-17T14:00:00+05:00,2026-02-17T09:00:00Z,2026-02-16T19:00:00Z,14,0.0,0.116498,0.393971,0.58249
2026-02-17T15:00:00+05:00,2026-02-17T10:00:00Z,2026-02-16T19:00:00Z,15,0.0,0.188465,0.613123,0.942325
2026-02-17T16:00:00+05:00,2026-02-17T11:00:00Z,2026-02-16T19:00:00Z,16,0.0,0.253224,0.639911,1.26612
2026-02-17T17:00:00+05:00,2026-02-17T12:00:00Z,2026-02-16T19:00:00Z,17,0.0,0.396327,0.830603,1.981635
2026-02-17T18:00:00+05:00,2026-02-17T13:00:00Z,2026-02-16T19:00:00Z,18,0.127731,0.499225,0.910595,2.496125
2026-02-17T19:00:00+05:00,2026-02-17T14:00:00Z,2026-02-16T19:00:00Z,19,0.115059,0.526779,0.912197,2.633895
2026-02-17T20:00:00+05:00,2026-02-17T15:00:00Z,2026-02-16T19:00:00Z,20,0.292205,0.66909,0.972452,3.34545
2026-02-17T21:00:00+05:00,2026-02-17T16:00:00Z,2026-02-16T19:00:00Z,21,0.316953,0.685803,0.97142,3.429015
2026-02-17T22:00:00+05:00,2026-02-17T17:00:00Z,2026-02-16T19:00:00Z,22,0.330672,0.698098,0.972873,3.49049
2026-02-17T23:00:00+05:00,2026-02-17T18:00:00Z,2026-02-16T19:00:00Z,23,0.242187,0.654357,0.958927,3.271785
2026-02-18T00:00:00+05:00,2026-02-17T19:00:00Z,2026-02-16T19:00:00Z,24,0.300567,0.684606,0.970131,3.42303
2026-02-18T01:00:00+05:00,2026-02-17T20:00:00Z,2026-02-16T19:00:00Z,25,0.289509,0.665683,0.975577,3.328415
2026-02-18T02:00:00+05:00,2026-02-17T21:00:00Z,2026-02-16T19:00:00Z,26,0.259121,0.65511,0.972099,3.27555
2026-02-18T03:00:00+05:00,2026-02-17T22:00:00Z,2026-02-16T19:00:00Z,27,0.344479,0.710694,0.976862,3.55347
2026-02-18T04:00:00+05:00,2026-02-17T23:00:00Z,2026-02-16T19:00:00Z,28,0.270944,0.65158,0.971845,3.2579
2026-02-18T05:00:00+05:00,2026-02-18T00:00:00Z,2026-02-16T19:00:00Z,29,0.39981,0.725823,0.975354,3.629115
2026-02-18T06:00:00+05:00,2026-02-18T01:00:00Z,2026-02-16T19:00:00Z,30,0.39682,0.738027,0.975573,3.690135
2026-02-18T07:00:00+05:00,2026-02-18T02:00:00Z,2026-02-16T19:00:00Z,31,0.319901,0.697508,0.976895,3.48754
2026-02-18T08:00:00+05:00,2026-02-18T03:00:00Z,2026-02-16T19:00:00Z,32,0.384038,0.729127,0.973011,3.645635
2026-02-18T09:00:00+05:00,2026-02-18T04:00:00Z,2026-02-16T19:00:00Z,33,0.477966,0.785283,0.977769,3.926415
2026-02-18T10:00:00+05:00,2026-02-18T05:00:00Z,2026-02-16T19:00:00Z,34,0.481772,0.784724,0.97481,3.92362
2026-02-18T11:00:00+05:00,2026-02-18T06:00:00Z,2026-02-16T19:00:00Z,35,0.607199,0.812005,0.977378,4.060025
2026-02-18T12:00:00+05:00,2026-02-18T07:00:00Z,2026-02-16T19:00:00Z,36,0.621752,0.822358,0.97786,4.11179
2026-02-18T13:00:00+05:00,2026-02-18T08:00:00Z,2026-02-16T19:00:00Z,37,0.624848,0.822124,0.978579,4.11062
2026-02-18T14:00:00+05:00,2026-02-18T09:00:00Z,2026-02-16T19:00:00Z,38,0.630584,0.821261,0.979139,4.106305
2026-02-18T15:00:00+05:00,2026-02-18T10:00:00Z,2026-02-16T19:00:00Z,39,0.640005,0.820796,0.979196,4.10398
2026-02-18T16:00:00+05:00,2026-02-18T11:00:00Z,2026-02-16T19:00:00Z,40,0.634378,0.819875,0.979467,4.099375
2026-02-18T17:00:00+05:00,2026-02-18T12:00:00Z,2026-02-16T19:00:00Z,41,0.586684,0.795367,0.975037,3.976835
2026-02-18T18:00:00+05:00,2026-02-18T13:00:00Z,2026-02-16T19:00:00Z,42,0.481835,0.775713,0.987908,3.878565
2026-02-18T19:00:00+05:00,2026-02-18T14:00:00Z,2026-02-16T19:00:00Z,43,0.241414,0.615031,0.976184,3.075155
2026-02-18T20:00:00+05:00,2026-02-18T15:00:00Z,2026-02-16T19:00:00Z,44,0.018907,0.388854,0.787935,1.94427
2026-02-18T21:00:00+05:00,2026-02-18T16:00:00Z,2026-02-16T19:00:00Z,45,0.0,0.27883,0.667749,1.39415
2026-02-18T22:00:00+05:00,2026-02-18T17:00:00Z,2026-02-16T19:00:00Z,46,0.0,0.357872,0.802898,1.78936
2026-02-18T23:00:00+05:00,2026-02-18T18:00:00Z,2026-02-16T19:00:00Z,47,0.062611,0.431011,0.835978,2.155055
2026-02-19T00:00:00+05:00,2026-02-18T19:00:00Z,2026-02-16T19:00:00Z,48,0.133361,0.504442,0.905033,2.52221
2026-02-18T01:00:00+05:00,2026-02-17T20:00:00Z,2026-02-17T19:00:00Z,1,0.241582,0.604684,0.958443,3.02342
2026-02-18T02:00:00+05:00,2026-02-17T21:00:00Z,2026-02-17T19:00:00Z,2,0.326968,0.707561,0.973949,3.537805
2026-02-18T03:00:00+05:00,2026-02-17T22:00:00Z,2026-02-17T19:00:00Z,3,0.170706,0.563245,0.935604,2.816225
2026-02-18T04:00:00+05:00,2026-02-17T23:00:00Z,2026-02-17T19:00:00Z,4,0.313122,0.683894,0.972917,3.41947
2026-02-18T05:00:00+05:00,2026-02-18T00:00:00Z,2026-02-17T19:00:00Z,5,0.414516,0.729106,0.975719,3.64553
2026-02-18T06:00:00+05:00,2026-02-18T01:00:00Z,2026-02-17T19:00:00Z,6,0.363801,0.707918,0.970268,3.53959
2026-02-18T07:00:00+05:00,2026-02-18T02:00:00Z,2026-02-17T19:00:00Z,7,0.45705,0.752173,0.977011,3.760865
2026-02-18T08:00:00+05:00,2026-02-18T03:00:00Z,2026-02-17T19:00:00Z,8,0.503069,0.786735,0.977828,3.933675
2026-02-18T09:00:00+05:00,2026-02-18T04:00:00Z,2026-02-17T19:00:00Z,9,0.524161,0.789616,0.977059,3.94808
2026-02-18T10:00:00+05:00,2026-02-18T05:00:00Z,2026-02-17T19:00:00Z,10,0.589693,0.813813,0.979803,4.069065
2026-02-18T11:00:00+05:00,2026-02-18T06:00:00Z,2026-02-17T19:00:00Z,11,0.625082,0.818692,0.977685,4.09346
2026-02-18T12:00:00+05:00,2026-02-18T07:00:00Z,2026-02-17T19:00:00Z,12,0.626366,0.822582,0.978133,4.11291
2026-02-18T13:00:00+05:00,2026-02-18T08:00:00Z,2026-02-17T19:00:00Z,13,0.634881,0.822186,0.97887,4.11093
2026-02-18T14:00:00+05:00,2026-02-18T09:00:00Z,2026-02-17T19:00:00Z,14,0.633648,0.82252,0.978118,4.1126
2026-02-18T15:00:00+05:00,2026-02-18T10:00:00Z,2026-02-17T19:00:00Z,15,0.643314,0.822458,0.978361,4.11229
2026-02-18T16:00:00+05:00,2026-02-18T11:00:00Z,2026-02-17T19:00:00Z,16,0.643314,0.820176,0.977819,4.10088
2026-02-18T17:00:00+05:00,2026-02-18T12:00:00Z,2026-02-17T19:00:00Z,17,0.604961,0.813691,0.979295,4.068455
2026-02-18T18:00:00+05:00,2026-02-18T13:00:00Z,2026-02-17T19:00:00Z,18,0.542388,0.786982,0.976808,3.93491
2026-02-18T19:00:00+05:00,2026-02-18T14:00:00Z,2026-02-17T19:00:00Z,19,0.33596,0.700977,0.973342,3.504885
2026-02-18T20:00:00+05:00,2026-02-18T15:00:00Z,2026-02-17T19:00:00Z,20,0.507932,0.797083,0.99248,3.985415
2026-02-18T21:00:00+05:00,2026-02-18T16:00:00Z,2026-02-17T19:00:00Z,21,0.388782,0.723959,0.982033,3.619795
2026-02-18T22:00:00+05:00,2026-02-18T17:00:00Z,2026-02-17T19:00:00Z,22,0.434584,0.765784,0.98126,3.82892
2026-02-18T23:00:00+05:00,2026-02-18T18:00:00Z,2026-02-17T19:00:00Z,23,0.434053,0.766983,0.98286,3.834915
2026-02-19T00:00:00+05:00,2026-02-18T19:00:00Z,2026-02-17T19:00:00Z,24,0.442283,0.765741,0.98294,3.828705
2026-02-19T01:00:00+05:00,2026-02-18T20:00:00Z,2026-02-17T19:00:00Z,25,0.344638,0.71979,0.98194,3.59895
2026-02-19T02:00:00+05:00,2026-02-18T21:00:00Z,2026-02-17T19:00:00Z,26,0.336654,0.718689,0.982909,3.593445
2026-02-19T03:00:00+05:00,2026-02-18T22:00:00Z,2026-02-17T19:00:00Z,27,0.390409,0.76903,0.994743,3.84515
2026-02-19T04:00:00+05:00,2026-02-18T23:00:00Z,2026-02-17T19:00:00Z,28,0.385986,0.732314,0.979975,3.66157
2026-02-19T05:00:00+05:00,2026-02-19T00:00:00Z,2026-02-17T19:00:00Z,29,0.326707,0.704307,0.977074,3.521535
2026-02-19T06:00:00+05:00,2026-02-19T01:00:00Z,2026-02-17T19:00:00Z,30,0.284083,0.650755,0.963694,3.253775
2026-02-19T07:00:00+05:00,2026-02-19T02:00:00Z,2026-02-17T19:00:00Z,31,0.173054,0.557939,0.938007,2.789695
2026-02-19T08:00:00+05:00,2026-02-19T03:00:00Z,2026-02-17T19:00:00Z,32,0.117726,0.482133,0.881149,2.410665
2026-02-19T09:00:00+05:00,2026-02-19T04:00:00Z,2026-02-17T19:00:00Z,33,0.210959,0.590732,0.952552,2.95366
2026-02-19T10:00:00+05:00,2026-02-19T05:00:00Z,2026-02-17T19:00:00Z,34,0.061871,0.508423,0.892142,2.542115
2026-02-19T11:00:00+05:00,2026-02-19T06:00:00Z,2026-02-17T19:00:00Z,35,0.0956,0.486223,0.910498,2.431115
2026-02-19T12:00:00+05:00,2026-02-19T07:00:00Z,2026-02-17T19:00:00Z,36,0.023004,0.401215,0.866136,2.006075
2026-02-19T13:00:00+05:00,2026-02-19T08:00:00Z,2026-02-17T19:00:00Z,37,0.0,0.27032,0.770887,1.3516
2026-02-19T14:00:00+05:00,2026-02-19T09:00:00Z,2026-02-17T19:00:00Z,38,0.0,0.225263,0.687667,1.126315
2026-02-19T15:00:00+05:00,2026-02-19T10:00:00Z,2026-02-17T19:00:00Z,39,0.0,0.136228,0.553907,0.68114
2026-02-19T16:00:00+05:00,2026-02-19T11:00:00Z,2026-02-17T19:00:00Z,40,0.0,0.208218,0.652248,1.04109
2026-02-19T17:00:00+05:00,2026-02-19T12:00:00Z,2026-02-17T19:00:00Z,41,0.0,0.324314,0.845335,1.62157
2026-02-19T18:00:00+05:00,2026-02-19T13:00:00Z,2026-02-17T19:00:00Z,42,0.0,0.186923,0.679483,0.934615
2026-02-19T19:00:00+05:00,2026-02-19T14:00:00Z,2026-02-17T19:00:00Z,43,0.0,0.184343,0.691128,0.921715
2026-02-19T20:00:00+05:00,2026-02-19T15:00:00Z,2026-02-17T19:00:00Z,44,0.0,0.195896,0.757327,0.97948
2026-02-19T21:00:00+05:00,2026-02-19T16:00:00Z,2026-02-17T19:00:00Z,45,0.0,0.26999,0.804617,1.34995
2026-02-19T22:00:00+05:00,2026-02-19T17:00:00Z,2026-02-17T19:00:00Z,46,0.04848,0.429579,0.961774,2.147895
2026-02-19T23:00:00+05:00,2026-02-19T18:00:00Z,2026-02-17T19:00:00Z,47,0.041695,0.388955,0.870661,1.944775
2026-02-20T00:00:00+05:00,2026-02-19T19:00:00Z,2026-02-17T19:00:00Z,48,0.053771,0.443005,0.909358,2.215025
2026-02-19T01:00:00+05:00,2026-02-18T20:00:00Z,2026-02-18T19:00:00Z,1,0.304189,0.690038,0.980513,3.45019
2026-02-19T02:00:00+05:00,2026-02-18T21:00:00Z,2026-02-18T19:00:00Z,2,0.383603,0.763459,0.980303,3.817295
2026-02-19T03:00:00+05:00,2026-02-18T22:00:00Z,2026-02-18T19:00:00Z,3,0.299253,0.660298,0.961135,3.30149
2026-02-19T04:00:00+05:00,2026-02-18T23:00:00Z,2026-02-18T19:00:00Z,4,0.243836,0.617294,0.959904,3.08647
2026-02-19T05:00:00+05:00,2026-02-19T00:00:00Z,2026-02-18T19:00:00Z,5,0.012084,0.40861,0.801219,2.04305
2026-02-19T06:00:00+05:00,2026-02-19T01:00:00Z,2026-02-18T19:00:00Z,6,0.093606,0.489314,0.867973,2.44657
2026-02-19T07:00:00+05:00,2026-02-19T02:00:00Z,2026-02-18T19:00:00Z,7,0.009516,0.400844,0.811671,2.00422
2026-02-19T08:00:00+05:00,2026-02-19T03:00:00Z,2026-02-18T19:00:00Z,8,0.0,0.306836,0.678372,1.53418
2026-02-19T09:00:00+05:00,2026-02-19T04:00:00Z,2026-02-18T19:00:00Z,9,0.0,0.295483,0.674647,1.477415
2026-02-19T10:00:00+05:00,2026-02-19T05:00:00Z,2026-02-18T19:00:00Z,10,0.0,0.292526,0.688656,1.46263
2026-02-19T11:00:00+05:00,2026-02-19T06:00:00Z,2026-02-18T19:00:00Z,11,0.010395,0.40443,0.87475,2.02215
2026-02-19T12:00:00+05:00,2026-02-19T07:00:00Z,2026-02-18T19:00:00Z,12,0.012671,0.351042,0.830578,1.75521
2026-02-19T13:00:00+05:00,2026-02-19T08:00:00Z,2026-02-18T19:00:00Z,13,0.0,0.308621,0.743886,1.543105
2026-02-19T14:00:00+05:00,2026-02-19T09:00:00Z,2026-02-18T19:00:00Z,14,0.0,0.261377,0.67462,1.306885
2026-02-19T15:00:00+05:00,2026-02-19T10:00:00Z,2026-02-18T19:00:00Z,15,0.0,0.213574,0.630058,1.06787
2026-02-19T16:00:00+05:00,2026-02-19T11:00:00Z,2026-02-18T19:00:00Z,16,0.0,0.233387,0.623549,1.166935
2026-02-19T17:00:00+05:00,2026-02-19T12:00:00Z,2026-02-18T19:00:00Z,17,0.0,0.316699,0.817757,1.583495
2026-02-19T18:00:00+05:00,2026-02-19T13:00:00Z,2026-02-18T19:00:00Z,18,0.0,0.259723,0.72341,1.298615
2026-02-19T19:00:00+05:00,2026-02-19T14:00:00Z,2026-02-18T19:00:00Z,19,0.0,0.192593,0.660646,0.962965
2026-02-19T20:00:00+05:00,2026-02-19T15:00:00Z,2026-02-18T19:00:00Z,20,0.0,0.128529,0.524107,0.642645
2026-02-19T21:00:00+05:00,2026-02-19T16:00:00Z,2026-02-18T19:00:00Z,21,0.0,0.146666,0.588702,0.73333
2026-02-19T22:00:00+05:00,2026-02-19T17:00:00Z,2026-02-18T19:00:00Z,22,0.0,0.165153,0.707149,0.825765
2026-02-19T23:00:00+05:00,2026-02-19T18:00:00Z,2026-02-18T19:00:00Z,23,0.0,0.078131,0.441608,0.390655
2026-02-20T00:00:00+05:00,2026-02-19T19:00:00Z,2026-02-18T19:00:00Z,24,0.0,0.174947,0.718093,0.874735
2026-02-20T01:00:00+05:00,2026-02-19T20:00:00Z,2026-02-18T19:00:00Z,25,0.0,0.174106,0.718695,0.87053
2026-02-20T02:00:00+05:00,2026-02-19T21:00:00Z,2026-02-18T19:00:00Z,26,0.0,0.263315,0.810463,1.316575
2026-02-20T03:00:00+05:00,2026-02-19T22:00:00Z,2026-02-18T19:00:00Z,27,0.175671,0.562228,0.984328,2.81114
2026-02-20T04:00:00+05:00,2026-02-19T23:00:00Z,2026-02-18T19:00:00Z,28,0.202096,0.605733,0.984065,3.028665
2026-02-20T05:00:00+05:00,2026-02-20T00:00:00Z,2026-02-18T19:00:00Z,29,0.093184,0.481901,0.911348,2.409505
2026-02-20T06:00:00+05:00,2026-02-20T01:00:00Z,2026-02-18T19:00:00Z,30,0.080828,0.482602,0.909025,2.41301
2026-02-20T07:00:00+05:00,2026-02-20T02:00:00Z,2026-02-18T19:00:00Z,31,0.017554,0.377938,0.86288,1.88969
2026-02-20T08:00:00+05:00,2026-02-20T03:00:00Z,2026-02-18T19:00:00Z,32,0.017734,0.436424,0.900001,2.18212
2026-02-20T09:00:00+05:00,2026-02-20T04:00:00Z,2026-02-18T19:00:00Z,33,0.006301,0.364687,0.812945,1.823435
2026-02-20T10:00:00+05:00,2026-02-20T05:00:00Z,2026-02-18T19:00:00Z,34,0.0,0.169722,0.640518,0.84861
2026-02-20T11:00:00+05:00,2026-02-20T06:00:00Z,2026-02-18T19:00:00Z,35,0.0,0.120431,0.464657,0.602155
2026-02-20T12:00:00+05:00,2026-02-20T07:00:00Z,2026-02-18T19:00:00Z,36,0.0,0.076821,0.407213,0.384105
2026-02-20T13:00:00+05:00,2026-02-20T08:00:00Z,2026-02-18T19:00:00Z,37,0.0,0.049762,0.307158,0.24881
2026-02-20T14:00:00+05:00,2026-02-20T09:00:00Z,2026-02-18T19:00:00Z,38,0.0,0.073288,0.405977,0.36644
2026-02-20T15:00:00+05:00,2026-02-20T10:00:00Z,2026-02-18T19:00:00Z,39,0.0,0.104818,0.523163,0.52409
2026-02-20T16:00:00+05:00,2026-02-20T11:00:00Z,2026-02-18T19:00:00Z,40,0.0,0.080874,0.431083,0.40437
2026-02-20T17:00:00+05:00,2026-02-20T12:00:00Z,2026-02-18T19:00:00Z,41,0.0,0.141776,0.633591,0.70888
2026-02-20T18:00:00+05:00,2026-02-20T13:00:00Z,2026-02-18T19:00:00Z,42,0.036679,0.441778,0.933495,2.20889
2026-02-20T19:00:00+05:00,2026-02-20T14:00:00Z,2026-02-18T19:00:00Z,43,0.107573,0.514529,0.927131,2.572645
2026-02-20T20:00:00+05:00,2026-02-20T15:00:00Z,2026-02-18T19:00:00Z,44,0.427403,0.756146,0.977508,3.78073
2026-02-20T21:00:00+05:00,2026-02-20T16:00:00Z,2026-02-18T19:00:00Z,45,0.522168,0.790153,0.978031,3.950765
2026-02-20T22:00:00+05:00,2026-02-20T17:00:00Z,2026-02-18T19:00:00Z,46,0.500026,0.781631,0.977798,3.908155
2026-02-20T23:00:00+05:00,2026-02-20T18:00:00Z,2026-02-18T19:00:00Z,47,0.480713,0.780524,0.97623,3.90262
2026-02-21T00:00:00+05:00,2026-02-20T19:00:00Z,2026-02-18T19:00:00Z,48,0.315907,0.691834,0.972082,3.45917
2026-02-20T01:00:00+05:00,2026-02-19T20:00:00Z,2026-02-19T19:00:00Z,1,0.101046,0.493391,0.94895,2.466955
2026-02-20T02:00:00+05:00,2026-02-19T21:00:00Z,2026-02-19T19:00:00Z,2,0.096902,0.478237,0.948706,2.391185
2026-02-20T03:00:00+05:00,2026-02-19T22:00:00Z,2026-02-19T19:00:00Z,3,0.091426,0.470224,0.91425,2.35112
2026-02-20T04:00:00+05:00,2026-02-19T23:00:00Z,2026-02-19T19:00:00Z,4,0.020733,0.402545,0.867518,2.012725
2026-02-20T05:00:00+05:00,2026-02-20T00:00:00Z,2026-02-19T19:00:00Z,5,0.011333,0.415649,0.835057,2.078245
2026-02-20T06:00:00+05:00,2026-02-20T01:00:00Z,2026-02-19T19:00:00Z,6,0.019853,0.426517,0.847457,2.132585
2026-02-20T07:00:00+05:00,2026-02-20T02:00:00Z,2026-02-19T19:00:00Z,7,0.017222,0.41184,0.855929,2.0592
2026-02-20T08:00:00+05:00,2026-02-20T03:00:00Z,2026-02-19T19:00:00Z,8,0.049276,0.429292,0.861463,2.14646
2026-02-20T09:00:00+05:00,2026-02-20T04:00:00Z,2026-02-19T19:00:00Z,9,0.015309,0.408692,0.818638,2.04346
2026-02-20T10:00:00+05:00,2026-02-20T05:00:00Z,2026-02-19T19:00:00Z,10,0.0,0.287795,0.664624,1.438975
2026-02-20T11:00:00+05:00,2026-02-20T06:00:00Z,2026-02-19T19:00:00Z,11,0.0,0.236988,0.555515,1.18494
2026-02-20T12:00:00+05:00,2026-02-20T07:00:00Z,2026-02-19T19:00:00Z,12,0.0,0.201483,0.554148,1.007415
2026-02-20T13:00:00+05:00,2026-02-20T08:00:00Z,2026-02-19T19:00:00Z,13,0.0,0.098817,0.390226,0.494085
2026-02-20T14:00:00+05:00,2026-02-20T09:00:00Z,2026-02-19T19:00:00Z,14,0.0,0.070193,0.347964,0.350965
2026-02-20T15:00:00+05:00,2026-02-20T10:00:00Z,2026-02-19T19:00:00Z,15,0.0,0.09295,0.415837,0.46475
2026-02-20T16:00:00+05:00,2026-02-20T11:00:00Z,2026-02-19T19:00:00Z,16,0.0,0.050231,0.312585,0.251155
2026-02-20T17:00:00+05:00,2026-02-20T12:00:00Z,2026-02-19T19:00:00Z,17,0.0,0.052405,0.327757,0.262025
2026-02-20T18:00:00+05:00,2026-02-20T13:00:00Z,2026-02-19T19:00:00Z,18,0.0,0.14149,0.54906,0.70745
2026-02-20T19:00:00+05:00,2026-02-20T14:00:00Z,2026-02-19T19:00:00Z,19,0.055931,0.453439,0.913366,2.267195
2026-02-20T20:00:00+05:00,2026-02-20T15:00:00Z,2026-02-19T19:00:00Z,20,0.410887,0.768061,0.991493,3.840305
2026-02-20T21:00:00+05:00,2026-02-20T16:00:00Z,2026-02-19T19:00:00Z,21,0.268071,0.668657,0.973472,3.343285
2026-02-20T22:00:00+05:00,2026-02-20T17:00:00Z,2026-02-19T19:00:00Z,22,0.519495,0.791157,0.990348,3.955785
2026-02-20T23:00:00+05:00,2026-02-20T18:00:00Z,2026-02-19T19:00:00Z,23,0.265091,0.645863,0.967558,3.229315
2026-02-21T00:00:00+05:00,2026-02-20T19:00:00Z,2026-02-19T19:00:00Z,24,0.412758,0.752183,0.979821,3.760915
2026-02-21T01:00:00+05:00,2026-02-20T20:00:00Z,2026-02-19T19:00:00Z,25,0.321928,0.709022,0.979497,3.54511
2026-02-21T02:00:00+05:00,2026-02-20T21:00:00Z,2026-02-19T19:00:00Z,26,0.35428,0.706207,0.979636,3.531035
2026-02-21T03:00:00+05:00,2026-02-20T22:00:00Z,2026-02-19T19:00:00Z,27,0.199884,0.599819,0.939389,2.999095
2026-02-21T04:00:00+05:00,2026-02-20T23:00:00Z,2026-02-19T19:00:00Z,28,0.126396,0.511087,0.884863,2.555435
2026-02-21T05:00:00+05:00,2026-02-21T00:00:00Z,2026-02-19T19:00:00Z,29,0.031545,0.415312,0.80303,2.07656
2026-02-21T06:00:00+05:00,2026-02-21T01:00:00Z,2026-02-19T19:00:00Z,30,0.06635,0.464355,0.869874,2.321775
2026-02-21T07:00:00+05:00,2026-02-21T02:00:00Z,2026-02-19T19:00:00Z,31,0.11468,0.507311,0.861697,2.536555
2026-02-21T08:00:00+05:00,2026-02-21T03:00:00Z,2026-02-19T19:00:00Z,32,0.0,0.342248,0.690938,1.71124
2026-02-21T09:00:00+05:00,2026-02-21T04:00:00Z,2026-02-19T19:00:00Z,33,0.0,0.129094,0.439828,0.64547
2026-02-21T10:00:00+05:00,2026-02-21T05:00:00Z,2026-02-19T19:00:00Z,34,0.0,0.129585,0.548964,0.647925
2026-02-21T11:00:00+05:00,2026-02-21T06:00:00Z,2026-02-19T19:00:00Z,35,0.0,0.333064,0.863111,1.66532
2026-02-21T12:00:00+05:00,2026-02-21T07:00:00Z,2026-02-19T19:00:00Z,36,0.289282,0.658997,0.967533,3.294985
2026-02-21T13:00:00+05:00,2026-02-21T08:00:00Z,2026-02-19T19:00:00Z,37,0.225899,0.657312,0.973993,3.28656
2026-02-21T14:00:00+05:00,2026-02-21T09:00:00Z,2026-02-19T19:00:00Z,38,0.17397,0.607743,0.959756,3.038715
2026-02-21T15:00:00+05:00,2026-02-21T10:00:00Z,2026-02-19T19:00:00Z,39,0.010934,0.406701,0.802966,2.033505
2026-02-21T16:00:00+05:00,2026-02-21T11:00:00Z,2026-02-19T19:00:00Z,40,0.00261,0.399655,0.808971,1.998275
2026-02-21T17:00:00+05:00,2026-02-21T12:00:00Z,2026-02-19T19:00:00Z,41,0.125378,0.575004,0.925511,2.87502
2026-02-21T18:00:00+05:00,2026-02-21T13:00:00Z,2026-02-19T19:00:00Z,42,0.250339,0.685314,0.973418,3.42657
2026-02-21T19:00:00+05:00,2026-02-21T14:00:00Z,2026-02-19T19:00:00Z,43,0.37219,0.732385,0.975477,3.661925
2026-02-21T20:00:00+05:00,2026-02-21T15:00:00Z,2026-02-19T19:00:00Z,44,0.394421,0.728994,0.97393,3.64497
2026-02-21T21:00:00+05:00,2026-02-21T16:00:00Z,2026-02-19T19:00:00Z,45,0.321959,0.725614,0.975267,3.62807
2026-02-21T22:00:00+05:00,2026-02-21T17:00:00Z,2026-02-19T19:00:00Z,46,0.286671,0.673122,0.966784,3.36561
2026-02-21T23:00:00+05:00,2026-02-21T18:00:00Z,2026-02-19T19:00:00Z,47,0.191012,0.600811,0.962153,3.004055
2026-02-22T00:00:00+05:00,2026-02-21T19:00:00Z,2026-02-19T19:00:00Z,48,0.061771,0.429717,0.859261,2.148585
2026-02-21T01:00:00+05:00,2026-02-20T20:00:00Z,2026-02-20T19:00:00Z,1,0.274071,0.676485,0.978471,3.382425
2026-02-21T02:00:00+05:00,2026-02-20T21:00:00Z,2026-02-20T19:00:00Z,2,0.320785,0.69358,0.980063,3.4679
2026-02-21T03:00:00+05:00,2026-02-20T22:00:00Z,2026-02-20T19:00:00Z,3,0.198741,0.60266,0.953365,3.0133
2026-02-21T04:00:00+05:00,2026-02-20T23:00:00Z,2026-02-20T19:00:00Z,4,0.11887,0.48446,0.880022,2.4223
2026-02-21T05:00:00+05:00,2026-02-21T00:00:00Z,2026-02-20T19:00:00Z,5,0.190588,0.560713,0.917194,2.803565
2026-02-21T06:00:00+05:00,2026-02-21T01:00:00Z,2026-02-20T19:00:00Z,6,0.165117,0.525608,0.890108,2.62804
2026-02-21T07:00:00+05:00,2026-02-21T02:00:00Z,2026-02-20T19:00:00Z,7,0.224108,0.61955,0.943615,3.09775
2026-02-21T08:00:00+05:00,2026-02-21T03:00:00Z,2026-02-20T19:00:00Z,8,0.0,0.368672,0.787501,1.84336
2026-02-21T09:00:00+05:00,2026-02-21T04:00:00Z,2026-02-20T19:00:00Z,9,0.0,0.19491,0.683268,0.97455
2026-02-21T10:00:00+05:00,2026-02-21T05:00:00Z,2026-02-20T19:00:00Z,10,0.0,0.034292,0.268106,0.17146
2026-02-21T11:00:00+05:00,2026-02-21T06:00:00Z,2026-02-20T19:00:00Z,11,0.084471,0.526088,0.956794,2.63044
2026-02-21T12:00:00+05:00,2026-02-21T07:00:00Z,2026-02-20T19:00:00Z,12,0.405397,0.753876,0.977007,3.76938
2026-02-21T13:00:00+05:00,2026-02-21T08:00:00Z,2026-02-20T19:00:00Z,13,0.495197,0.782319,0.977442,3.911595
2026-02-21T14:00:00+05:00,2026-02-21T09:00:00Z,2026-02-20T19:00:00Z,14,0.433341,0.755189,0.977002,3.775945
2026-02-21T15:00:00+05:00,2026-02-21T10:00:00Z,2026-02-20T19:00:00Z,15,0.51001,0.785499,0.976597,3.927495
2026-02-21T16:00:00+05:00,2026-02-21T11:00:00Z,2026-02-20T19:00:00Z,16,0.255784,0.619707,0.957446,3.098535
2026-02-21T17:00:00+05:00,2026-02-21T12:00:00Z,2026-02-20T19:00:00Z,17,0.0,0.280737,0.720295,1.403685
2026-02-21T18:00:00+05:00,2026-02-21T13:00:00Z,2026-02-20T19:00:00Z,18,0.0,0.228272,0.631381,1.14136
2026-02-21T19:00:00+05:00,2026-02-21T14:00:00Z,2026-02-20T19:00:00Z,19,0.0,0.231794,0.578293,1.15897
2026-02-21T20:00:00+05:00,2026-02-21T15:00:00Z,2026-02-20T19:00:00Z,20,0.0,0.319869,0.785961,1.599345
2026-02-21T21:00:00+05:00,2026-02-21T16:00:00Z,2026-02-20T19:00:00Z,21,0.107941,0.524341,0.906054,2.621705
2026-02-21T22:00:00+05:00,2026-02-21T17:00:00Z,2026-02-20T19:00:00Z,22,0.163734,0.56263,0.922545,2.81315
2026-02-21T23:00:00+05:00,2026-02-21T18:00:00Z,2026-02-20T19:00:00Z,23,0.138646,0.514732,0.904616,2.57366
2026-02-22T00:00:00+05:00,2026-02-21T19:00:00Z,2026-02-20T19:00:00Z,24,0.180692,0.568551,0.924433,2.842755
2026-02-22T01:00:00+05:00,2026-02-21T20:00:00Z,2026-02-20T19:00:00Z,25,0.07658,0.480374,0.895767,2.40187
2026-02-22T02:00:00+05:00,2026-02-21T21:00:00Z,2026-02-20T19:00:00Z,26,0.06166,0.445037,0.89144,2.225185
2026-02-22T03:00:00+05:00,2026-02-21T22:00:00Z,2026-02-20T19:00:00Z,27,0.0,0.205156,0.609029,1.02578
2026-02-22T04:00:00+05:00,2026-02-21T23:00:00Z,2026-02-20T19:00:00Z,28,0.0,0.071963,0.350149,0.359815
2026-02-22T05:00:00+05:00,2026-02-22T00:00:00Z,2026-02-20T19:00:00Z,29,0.0,0.062408,0.344709,0.31204
2026-02-22T06:00:00+05:00,2026-02-22T01:00:00Z,2026-02-20T19:00:00Z,30,0.0,0.031139,0.22137,0.155695
2026-02-22T07:00:00+05:00,2026-02-22T02:00:00Z,2026-02-20T19:00:00Z,31,0.0,0.026965,0.20897,0.134825
2026-02-22T08:00:00+05:00,2026-02-22T03:00:00Z,2026-02-20T19:00:00Z,32,0.0,0.025212,0.228033,0.12606
2026-02-22T09:00:00+05:00,2026-02-22T04:00:00Z,2026-02-20T19:00:00Z,33,0.0,0.042857,0.275716,0.214285
2026-02-22T10:00:00+05:00,2026-02-22T05:00:00Z,2026-02-20T19:00:00Z,34,0.0,0.103557,0.468536,0.517785
2026-02-22T11:00:00+05:00,2026-02-22T06:00:00Z,2026-02-20T19:00:00Z,35,0.0,0.285877,0.824701,1.429385
2026-02-22T12:00:00+05:00,2026-02-22T07:00:00Z,2026-02-20T19:00:00Z,36,0.192087,0.593295,0.945707,2.966475
2026-02-22T13:00:00+05:00,2026-02-22T08:00:00Z,2026-02-20T19:00:00Z,37,0.399244,0.755953,0.970448,3.779765
2026-02-22T14:00:00+05:00,2026-02-22T09:00:00Z,2026-02-20T19:00:00Z,38,0.57128,0.802275,0.97369,4.011375
2026-02-22T15:00:00+05:00,2026-02-22T10:00:00Z,2026-02-20T19:00:00Z,39,0.600176,0.814796,0.97874,4.07398
2026-02-22T16:00:00+05:00,2026-02-22T11:00:00Z,2026-02-20T19:00:00Z,40,0.586234,0.810872,0.978715,4.05436
2026-02-22T17:00:00+05:00,2026-02-22T12:00:00Z,2026-02-20T19:00:00Z,41,0.490379,0.790346,0.973995,3.95173
2026-02-22T18:00:00+05:00,2026-02-22T13:00:00Z,2026-02-20T19:00:00Z,42,0.583625,0.802513,0.975413,4.012565
2026-02-22T19:00:00+05:00,2026-02-22T14:00:00Z,2026-02-20T19:00:00Z,43,0.485816,0.771888,0.97712,3.85944
2026-02-22T20:00:00+05:00,2026-02-22T15:00:00Z,2026-02-20T19:00:00Z,44,0.352766,0.70893,0.974915,3.54465
2026-02-22T21:00:00+05:00,2026-02-22T16:00:00Z,2026-02-20T19:00:00Z,45,0.338521,0.703767,0.976907,3.518835
2026-02-22T22:00:00+05:00,2026-02-22T17:00:00Z,2026-02-20T19:00:00Z,46,0.337779,0.691555,0.978086,3.457775
2026-02-22T23:00:00+05:00,2026-02-22T18:00:00Z,2026-02-20T19:00:00Z,47,0.197326,0.609745,0.970089,3.048725
2026-02-23T00:00:00+05:00,2026-02-22T19:00:00Z,2026-02-20T19:00:00Z,48,0.18598,0.622422,0.966925,3.11211
2026-02-22T01:00:00+05:00,2026-02-21T20:00:00Z,2026-02-21T19:00:00Z,1,0.0,0.077,0.324894,0.385
2026-02-22T02:00:00+05:00,2026-02-21T21:00:00Z,2026-02-21T19:00:00Z,2,0.0,0.10054,0.439668,0.5027
2026-02-22T03:00:00+05:00,2026-02-21T22:00:00Z,2026-02-21T19:00:00Z,3,0.0,0.034076,0.232392,0.17038
2026-02-22T04:00:00+05:00,2026-02-21T23:00:00Z,2026-02-21T19:00:00Z,4,0.0,0.035892,0.231972,0.17946
2026-02-22T05:00:00+05:00,2026-02-22T00:00:00Z,2026-02-21T19:00:00Z,5,0.0,0.028843,0.207586,0.144215
2026-02-22T06:00:00+05:00,2026-02-22T01:00:00Z,2026-02-21T19:00:00Z,6,0.0,0.028909,0.225836,0.144545
2026-02-22T07:00:00+05:00,2026-02-22T02:00:00Z,2026-02-21T19:00:00Z,7,0.0,0.083129,0.341055,0.415645
2026-02-22T08:00:00+05:00,2026-02-22T03:00:00Z,2026-02-21T19:00:00Z,8,0.0,0.1285,0.364028,0.6425
2026-02-22T09:00:00+05:00,2026-02-22T04:00:00Z,2026-02-21T19:00:00Z,9,0.0,0.236724,0.656677,1.18362
2026-02-22T10:00:00+05:00,2026-02-22T05:00:00Z,2026-02-21T19:00:00Z,10,0.105641,0.544118,0.948761,2.72059
2026-02-22T11:00:00+05:00,2026-02-22T06:00:00Z,2026-02-21T19:00:00Z,11,0.592756,0.79871,0.974831,3.99355
2026-02-22T12:00:00+05:00,2026-02-22T07:00:00Z,2026-02-21T19:00:00Z,12,0.639996,0.819396,0.977339,4.09698
2026-02-22T13:00:00+05:00,2026-02-22T08:00:00Z,2026-02-21T19:00:00Z,13,0.639903,0.821817,0.977541,4.109085
2026-02-22T14:00:00+05:00,2026-02-22T09:00:00Z,2026-02-21T19:00:00Z,14,0.646563,0.819081,0.9773,4.095405
2026-02-22T15:00:00+05:00,2026-02-22T10:00:00Z,2026-02-21T19:00:00Z,15,0.61235,0.814665,0.978622,4.073325
2026-02-22T16:00:00+05:00,2026-02-22T11:00:00Z,2026-02-21T19:00:00Z,16,0.603194,0.811608,0.979161,4.05804
2026-02-22T17:00:00+05:00,2026-02-22T12:00:00Z,2026-02-21T19:00:00Z,17,0.536443,0.805774,0.978094,4.02887
2026-02-22T18:00:00+05:00,2026-02-22T13:00:00Z,2026-02-21T19:00:00Z,18,0.351747,0.730585,0.975893,3.652925
2026-02-22T19:00:00+05:00,2026-02-22T14:00:00Z,2026-02-21T19:00:00Z,19,0.214865,0.57867,0.948841,2.89335
2026-02-22T20:00:00+05:00,2026-02-22T15:00:00Z,2026-02-21T19:00:00Z,20,0.122447,0.495859,0.88696,2.479295
2026-02-22T21:00:00+05:00,2026-02-22T16:00:00Z,2026-02-21T19:00:00Z,21,0.061475,0.424703,0.832206,2.123515
2026-02-22T22:00:00+05:00,2026-02-22T17:00:00Z,2026-02-21T19:00:00Z,22,0.004751,0.310072,0.742234,1.55036
2026-02-22T23:00:00+05:00,2026-02-22T18:00:00Z,2026-02-21T19:00:00Z,23,0.025353,0.388159,0.848389,1.940795
2026-02-23T00:00:00+05:00,2026-02-22T19:00:00Z,2026-02-21T19:00:00Z,24,0.0,0.267183,0.743952,1.335915
2026-02-23T01:00:00+05:00,2026-02-22T20:00:00Z,2026-02-21T19:00:00Z,25,0.0,0.276914,0.72619,1.38457
2026-02-23T02:00:00+05:00,2026-02-22T21:00:00Z,2026-02-21T19:00:00Z,26,0.012314,0.359552,0.859178,1.79776
2026-02-23T03:00:00+05:00,2026-02-22T22:00:00Z,2026-02-21T19:00:00Z,27,0.0,0.166183,0.611685,0.830915
2026-02-23T04:00:00+05:00,2026-02-22T23:00:00Z,2026-02-21T19:00:00Z,28,0.0,0.110935,0.524627,0.554675
2026-02-23T05:00:00+05:00,2026-02-23T00:00:00Z,2026-02-21T19:00:00Z,29,0.0,0.102967,0.473478,0.514835
2026-02-23T06:00:00+05:00,2026-02-23T01:00:00Z,2026-02-21T19:00:00Z,30,0.0,0.126679,0.508067,0.633395
2026-02-23T07:00:00+05:00,2026-02-23T02:00:00Z,2026-02-21T19:00:00Z,31,0.0,0.080251,0.393912,0.401255
2026-02-23T08:00:00+05:00,2026-02-23T03:00:00Z,2026-02-21T19:00:00Z,32,0.0,0.089597,0.413736,0.447985
2026-02-23T09:00:00+05:00,2026-02-23T04:00:00Z,2026-02-21T19:00:00Z,33,0.0,0.107097,0.580961,0.535485
2026-02-23T10:00:00+05:00,2026-02-23T05:00:00Z,2026-02-21T19:00:00Z,34,0.0,0.20541,0.694177,1.02705
2026-02-23T11:00:00+05:00,2026-02-23T06:00:00Z,2026-02-21T19:00:00Z,35,0.0,0.218432,0.787218,1.09216
2026-02-23T12:00:00+05:00,2026-02-23T07:00:00Z,2026-02-21T19:00:00Z,36,0.010151,0.375722,0.878569,1.87861
2026-02-23T13:00:00+05:00,2026-02-23T08:00:00Z,2026-02-21T19:00:00Z,37,0.002464,0.409591,0.879682,2.047955
2026-02-23T14:00:00+05:00,2026-02-23T09:00:00Z,2026-02-21T19:00:00Z,38,0.054706,0.510424,0.935317,2.55212
2026-02-23T15:00:00+05:00,2026-02-23T10:00:00Z,2026-02-21T19:00:00Z,39,0.081251,0.5421,0.950983,2.7105
2026-02-23T16:00:00+05:00,2026-02-23T11:00:00Z,2026-02-21T19:00:00Z,40,0.176267,0.633898,0.949706,3.16949
2026-02-23T17:00:00+05:00,2026-02-23T12:00:00Z,2026-02-21T19:00:00Z,41,0.032378,0.447245,0.875146,2.236225
2026-02-23T18:00:00+05:00,2026-02-23T13:00:00Z,2026-02-21T19:00:00Z,42,0.109058,0.46462,0.868283,2.3231
2026-02-23T19:00:00+05:00,2026-02-23T14:00:00Z,2026-02-21T19:00:00Z,43,0.120857,0.508976,0.915138,2.54488
2026-02-23T20:00:00+05:00,2026-02-23T15:00:00Z,2026-02-21T19:00:00Z,44,0.322771,0.729391,0.975879,3.646955
2026-02-23T21:00:00+05:00,2026-02-23T16:00:00Z,2026-02-21T19:00:00Z,45,0.513933,0.789315,0.975701,3.946575
2026-02-23T22:00:00+05:00,2026-02-23T17:00:00Z,2026-02-21T19:00:00Z,46,0.459973,0.771423,0.976317,3.857115
2026-02-23T23:00:00+05:00,2026-02-23T18:00:00Z,2026-02-21T19:00:00Z,47,0.373644,0.752394,0.974365,3.76197
2026-02-24T00:00:00+05:00,2026-02-23T19:00:00Z,2026-02-21T19:00:00Z,48,0.460442,0.775263,0.977349,3.876315
2026-02-23T01:00:00+05:00,2026-02-22T20:00:00Z,2026-02-22T19:00:00Z,1,0.0,0.125801,0.515929,0.629005
2026-02-23T02:00:00+05:00,2026-02-22T21:00:00Z,2026-02-22T19:00:00Z,2,0.0,0.136419,0.519278,0.682095
2026-02-23T03:00:00+05:00,2026-02-22T22:00:00Z,2026-02-22T19:00:00Z,3,0.0,0.100831,0.46311,0.504155
2026-02-23T04:00:00+05:00,2026-02-22T23:00:00Z,2026-02-22T19:00:00Z,4,0.0,0.08605,0.42555,0.43025
2026-02-23T05:00:00+05:00,2026-02-23T00:00:00Z,2026-02-22T19:00:00Z,5,0.0,0.128062,0.529921,0.64031
2026-02-23T06:00:00+05:00,2026-02-23T01:00:00Z,2026-02-22T19:00:00Z,6,0.0,0.088655,0.451725,0.443275
2026-02-23T07:00:00+05:00,2026-02-23T02:00:00Z,2026-02-22T19:00:00Z,7,0.0,0.148987,0.54938,0.744935
2026-02-23T08:00:00+05:00,2026-02-23T03:00:00Z,2026-02-22T19:00:00Z,8,0.0,0.148775,0.547521,0.743875
2026-02-23T09:00:00+05:00,2026-02-23T04:00:00Z,2026-02-22T19:00:00Z,9,0.0,0.113998,0.518063,0.56999
2026-02-23T10:00:00+05:00,2026-02-23T05:00:00Z,2026-02-22T19:00:00Z,10,0.0,0.204616,0.75367,1.02308
2026-02-23T11:00:00+05:00,2026-02-23T06:00:00Z,2026-02-22T19:00:00Z,11,0.0,0.254387,0.775089,1.271935
2026-02-23T12:00:00+05:00,2026-02-23T07:00:00Z,2026-02-22T19:00:00Z,12,0.0,0.252478,0.630057,1.26239
2026-02-23T13:00:00+05:00,2026-02-23T08:00:00Z,2026-02-22T19:00:00Z,13,0.056007,0.437304,0.814806,2.18652
2026-02-23T14:00:00+05:00,2026-02-23T09:00:00Z,2026-02-22T19:00:00Z,14,0.057237,0.451595,0.858755,2.257975
2026-02-23T15:00:00+05:00,2026-02-23T10:00:00Z,2026-02-22T19:00:00Z,15,0.099777,0.48906,0.87432,2.4453
2026-02-23T16:00:00+05:00,2026-02-23T11:00:00Z,2026-02-22T19:00:00Z,16,0.233959,0.643941,0.968115,3.219705
2026-02-23T17:00:00+05:00,2026-02-23T12:00:00Z,2026-02-22T19:00:00Z,17,0.271958,0.701344,0.975565,3.50672
2026-02-23T18:00:00+05:00,2026-02-23T13:00:00Z,2026-02-22T19:00:00Z,18,0.398327,0.748267,0.974668,3.741335
2026-02-23T19:00:00+05:00,2026-02-23T14:00:00Z,2026-02-22T19:00:00Z,19,0.319739,0.721423,0.976305,3.607115
2026-02-23T20:00:00+05:00,2026-02-23T15:00:00Z,2026-02-22T19:00:00Z,20,0.379067,0.752571,0.976725,3.762855
2026-02-23T21:00:00+05:00,2026-02-23T16:00:00Z,2026-02-22T19:00:00Z,21,0.452951,0.770478,0.976817,3.85239
2026-02-23T22:00:00+05:00,2026-02-23T17:00:00Z,2026-02-22T19:00:00Z,22,0.484012,0.778794,0.97687,3.89397
2026-02-23T23:00:00+05:00,2026-02-23T18:00:00Z,2026-02-22T19:00:00Z,23,0.492162,0.781056,0.977272,3.90528
2026-02-24T00:00:00+05:00,2026-02-23T19:00:00Z,2026-02-22T19:00:00Z,24,0.478371,0.777847,0.977759,3.889235
2026-02-24T01:00:00+05:00,2026-02-23T20:00:00Z,2026-02-22T19:00:00Z,25,0.385451,0.721103,0.973447,3.605515
2026-02-24T02:00:00+05:00,2026-02-23T21:00:00Z,2026-02-22T19:00:00Z,26,0.286469,0.687544,0.973877,3.43772
2026-02-24T03:00:00+05:00,2026-02-23T22:00:00Z,2026-02-22T19:00:00Z,27,0.391795,0.736177,0.971868,3.680885
2026-02-24T04:00:00+05:00,2026-02-23T23:00:00Z,2026-02-22T19:00:00Z,28,0.385458,0.734898,0.97182,3.67449
2026-02-24T05:00:00+05:00,2026-02-24T00:00:00Z,2026-02-22T19:00:00Z,29,0.274166,0.691117,0.971069,3.455585
2026-02-24T06:00:00+05:00,2026-02-24T01:00:00Z,2026-02-22T19:00:00Z,30,0.272905,0.662825,0.960139,3.314125
2026-02-24T07:00:00+05:00,2026-02-24T02:00:00Z,2026-02-22T19:00:00Z,31,0.137459,0.550696,0.912633,2.75348
2026-02-24T08:00:00+05:00,2026-02-24T03:00:00Z,2026-02-22T19:00:00Z,32,0.056159,0.439478,0.840756,2.19739
2026-02-24T09:00:00+05:00,2026-02-24T04:00:00Z,2026-02-22T19:00:00Z,33,0.030621,0.399468,0.839288,1.99734
2026-02-24T10:00:00+05:00,2026-02-24T05:00:00Z,2026-02-22T19:00:00Z,34,0.01141,0.362746,0.818549,1.81373
2026-02-24T11:00:00+05:00,2026-02-24T06:00:00Z,2026-02-22T19:00:00Z,35,0.05724,0.398154,0.837253,1.99077
2026-02-24T12:00:00+05:00,2026-02-24T07:00:00Z,2026-02-22T19:00:00Z,36,0.028467,0.377543,0.828029,1.887715
2026-02-24T13:00:00+05:00,2026-02-24T08:00:00Z,2026-02-22T19:00:00Z,37,0.0,0.231325,0.635073,1.156625
2026-02-24T14:00:00+05:00,2026-02-24T09:00:00Z,2026-02-22T19:00:00Z,38,0.0,0.285233,0.70683,1.426165
2026-02-24T15:00:00+05:00,2026-02-24T10:00:00Z,2026-02-22T19:00:00Z,39,0.0,0.337002,0.810654,1.68501
2026-02-24T16:00:00+05:00,2026-02-24T11:00:00Z,2026-02-22T19:00:00Z,40,0.0,0.304594,0.799591,1.52297
2026-02-24T17:00:00+05:00,2026-02-24T12:00:00Z,2026-02-22T19:00:00Z,41,0.0,0.180815,0.572675,0.904075
2026-02-24T18:00:00+05:00,2026-02-24T13:00:00Z,2026-02-22T19:00:00Z,42,0.0,0.159362,0.556374,0.79681
2026-02-24T19:00:00+05:00,2026-02-24T14:00:00Z,2026-02-22T19:00:00Z,43,0.0,0.127146,0.517255,0.63573
2026-02-24T20:00:00+05:00,2026-02-24T15:00:00Z,2026-02-22T19:00:00Z,44,0.0,0.090257,0.353982,0.451285
2026-02-24T21:00:00+05:00,2026-02-24T16:00:00Z,2026-02-22T19:00:00Z,45,0.0,0.05336,0.271028,0.2668
2026-02-24T22:00:00+05:00,2026-02-24T17:00:00Z,2026-02-22T19:00:00Z,46,0.0,0.048784,0.284751,0.24392
2026-02-24T23:00:00+05:00,2026-02-24T18:00:00Z,2026-02-22T19:00:00Z,47,0.0,0.039475,0.279049,0.197375
2026-02-25T00:00:00+05:00,2026-02-24T19:00:00Z,2026-02-22T19:00:00Z,48,0.0,0.082265,0.362133,0.411325
2026-02-24T01:00:00+05:00,2026-02-23T20:00:00Z,2026-02-23T19:00:00Z,1,0.367771,0.735488,0.974778,3.67744
2026-02-24T02:00:00+05:00,2026-02-23T21:00:00Z,2026-02-23T19:00:00Z,2,0.399036,0.738156,0.975064,3.69078
2026-02-24T03:00:00+05:00,2026-02-23T22:00:00Z,2026-02-23T19:00:00Z,3,0.391486,0.739609,0.972522,3.698045
2026-02-24T04:00:00+05:00,2026-02-23T23:00:00Z,2026-02-23T19:00:00Z,4,0.289207,0.692976,0.972332,3.46488
2026-02-24T05:00:00+05:00,2026-02-24T00:00:00Z,2026-02-23T19:00:00Z,5,0.135425,0.569104,0.928604,2.84552
2026-02-24T06:00:00+05:00,2026-02-24T01:00:00Z,2026-02-23T19:00:00Z,6,0.149929,0.571977,0.933825,2.859885
2026-02-24T07:00:00+05:00,2026-02-24T02:00:00Z,2026-02-23T19:00:00Z,7,0.101242,0.496105,0.879785,2.480525
2026-02-24T08:00:00+05:00,2026-02-24T03:00:00Z,2026-02-23T19:00:00Z,8,0.111541,0.498789,0.888335,2.493945
2026-02-24T09:00:00+05:00,2026-02-24T04:00:00Z,2026-02-23T19:00:00Z,9,0.052206,0.429104,0.840089,2.14552
2026-02-24T10:00:00+05:00,2026-02-24T05:00:00Z,2026-02-23T19:00:00Z,10,0.007794,0.368654,0.818501,1.84327
2026-02-24T11:00:00+05:00,2026-02-24T06:00:00Z,2026-02-23T19:00:00Z,11,0.0,0.35575,0.802823,1.77875
2026-02-24T12:00:00+05:00,2026-02-24T07:00:00Z,2026-02-23T19:00:00Z,12,0.050022,0.403134,0.848557,2.01567
2026-02-24T13:00:00+05:00,2026-02-24T08:00:00Z,2026-02-23T19:00:00Z,13,0.0,0.311042,0.778999,1.55521
2026-02-24T14:00:00+05:00,2026-02-24T09:00:00Z,2026-02-23T19:00:00Z,14,0.018373,0.367777,0.821799,1.838885
2026-02-24T15:00:00+05:00,2026-02-24T10:00:00Z,2026-02-23T19:00:00Z,15,0.01126,0.372018,0.821838,1.86009
2026-02-24T16:00:00+05:00,2026-02-24T11:00:00Z,2026-02-23T19:00:00Z,16,0.0,0.302684,0.787493,1.51342
2026-02-24T17:00:00+05:00,2026-02-24T12:00:00Z,2026-02-23T19:00:00Z,17,0.0,0.248034,0.696581,1.24017
2026-02-24T18:00:00+05:00,2026-02-24T13:00:00Z,2026-02-23T19:00:00Z,18,0.0,0.188458,0.653475,0.94229
2026-02-24T19:00:00+05:00,2026-02-24T14:00:00Z,2026-02-23T19:00:00Z,19,0.0,0.126333,0.520788,0.631665
2026-02-24T20:00:00+05:00,2026-02-24T15:00:00Z,2026-02-23T19:00:00Z,20,0.0,0.08563,0.4586,0.42815
2026-02-24T21:00:00+05:00,2026-02-24T16:00:00Z,2026-02-23T19:00:00Z,21,0.0,0.066776,0.350135,0.33388
2026-02-24T22:00:00+05:00,2026-02-24T17:00:00Z,2026-02-23T19:00:00Z,22,0.0,0.078095,0.34712,0.390475
2026-02-24T23:00:00+05:00,2026-02-24T18:00:00Z,2026-02-23T19:00:00Z,23,0.0,0.025452,0.191584,0.12726
2026-02-25T00:00:00+05:00,2026-02-24T19:00:00Z,2026-02-23T19:00:00Z,24,0.0,0.023227,0.184597,0.116135
2026-02-25T01:00:00+05:00,2026-02-24T20:00:00Z,2026-02-23T19:00:00Z,25,0.0,0.101652,0.463744,0.50826
2026-02-25T02:00:00+05:00,2026-02-24T21:00:00Z,2026-02-23T19:00:00Z,26,0.0,0.058954,0.321036,0.29477
2026-02-25T03:00:00+05:00,2026-02-24T22:00:00Z,2026-02-23T19:00:00Z,27,0.0,0.056204,0.288768,0.28102
2026-02-25T04:00:00+05:00,2026-02-24T23:00:00Z,2026-02-23T19:00:00Z,28,0.0,0.061972,0.290721,0.30986
2026-02-25T05:00:00+05:00,2026-02-25T00:00:00Z,2026-02-23T19:00:00Z,29,0.0,0.116299,0.473664,0.581495
2026-02-25T06:00:00+05:00,2026-02-25T01:00:00Z,2026-02-23T19:00:00Z,30,0.0,0.149966,0.502763,0.74983
2026-02-25T07:00:00+05:00,2026-02-25T02:00:00Z,2026-02-23T19:00:00Z,31,0.0,0.147517,0.440196,0.737585
2026-02-25T08:00:00+05:00,2026-02-25T03:00:00Z,2026-02-23T19:00:00Z,32,0.0,0.18233,0.507186,0.91165
2026-02-25T09:00:00+05:00,2026-02-25T04:00:00Z,2026-02-23T19:00:00Z,33,0.0,0.353864,0.827819,1.76932
2026-02-25T10:00:00+05:00,2026-02-25T05:00:00Z,2026-02-23T19:00:00Z,34,0.057122,0.483867,0.908183,2.419335
2026-02-25T11:00:00+05:00,2026-02-25T06:00:00Z,2026-02-23T19:00:00Z,35,0.26336,0.662597,0.965973,3.312985
2026-02-25T12:00:00+05:00,2026-02-25T07:00:00Z,2026-02-23T19:00:00Z,36,0.24991,0.63407,0.963699,3.17035
2026-02-25T13:00:00+05:00,2026-02-25T08:00:00Z,2026-02-23T19:00:00Z,37,0.102598,0.520962,0.920394,2.60481
2026-02-25T14:00:00+05:00,2026-02-25T09:00:00Z,2026-02-23T19:00:00Z,38,0.18185,0.55627,0.939123,2.78135
2026-02-25T15:00:00+05:00,2026-02-25T10:00:00Z,2026-02-23T19:00:00Z,39,0.037131,0.382411,0.849413,1.912055
2026-02-25T16:00:00+05:00,2026-02-25T11:00:00Z,2026-02-23T19:00:00Z,40,0.0,0.298381,0.777094,1.491905
2026-02-25T17:00:00+05:00,2026-02-25T12:00:00Z,2026-02-23T19:00:00Z,41,0.142807,0.517318,0.936927,2.58659
2026-02-25T18:00:00+05:00,2026-02-25T13:00:00Z,2026-02-23T19:00:00Z,42,0.0,0.357017,0.841021,1.785085
2026-02-25T19:00:00+05:00,2026-02-25T14:00:00Z,2026-02-23T19:00:00Z,43,0.082608,0.457155,0.876203,2.285775
2026-02-25T20:00:00+05:00,2026-02-25T15:00:00Z,2026-02-23T19:00:00Z,44,0.075152,0.435987,0.863911,2.179935
2026-02-25T21:00:00+05:00,2026-02-25T16:00:00Z,2026-02-23T19:00:00Z,45,0.142718,0.498391,0.912103,2.491955
2026-02-25T22:00:00+05:00,2026-02-25T17:00:00Z,2026-02-23T19:00:00Z,46,0.221918,0.624284,0.954537,3.12142
2026-02-25T23:00:00+05:00,2026-02-25T18:00:00Z,2026-02-23T19:00:00Z,47,0.382873,0.783464,0.977709,3.91732
2026-02-26T00:00:00+05:00,2026-02-25T19:00:00Z,2026-02-23T19:00:00Z,48,0.455233,0.798932,0.975644,3.99466
2026-02-25T01:00:00+05:00,2026-02-24T20:00:00Z,2026-02-24T19:00:00Z,1,0.0,0.027272,0.209992,0.13636
2026-02-25T02:00:00+05:00,2026-02-24T21:00:00Z,2026-02-24T19:00:00Z,2,0.0,0.026293,0.230495,0.131465
2026-02-25T03:00:00+05:00,2026-02-24T22:00:00Z,2026-02-24T19:00:00Z,3,0.0,0.035707,0.26766,0.178535
2026-02-25T04:00:00+05:00,2026-02-24T23:00:00Z,2026-02-24T19:00:00Z,4,0.0,0.042527,0.293536,0.212635
2026-02-25T05:00:00+05:00,2026-02-25T00:00:00Z,2026-02-24T19:00:00Z,5,0.0,0.042337,0.268723,0.211685
2026-02-25T06:00:00+05:00,2026-02-25T01:00:00Z,2026-02-24T19:00:00Z,6,0.0,0.050805,0.279738,0.254025
2026-02-25T07:00:00+05:00,2026-02-25T02:00:00Z,2026-02-24T19:00:00Z,7,0.0,0.099315,0.368303,0.496575
2026-02-25T08:00:00+05:00,2026-02-25T03:00:00Z,2026-02-24T19:00:00Z,8,0.0,0.113579,0.399657,0.567895
2026-02-25T09:00:00+05:00,2026-02-25T04:00:00Z,2026-02-24T19:00:00Z,9,0.0,0.070169,0.320909,0.350845
2026-02-25T10:00:00+05:00,2026-02-25T05:00:00Z,2026-02-24T19:00:00Z,10,0.0,0.050705,0.284252,0.253525
2026-02-25T11:00:00+05:00,2026-02-25T06:00:00Z,2026-02-24T19:00:00Z,11,0.0,0.035174,0.259816,0.17587
2026-02-25T12:00:00+05:00,2026-02-25T07:00:00Z,2026-02-24T19:00:00Z,12,0.0,0.058411,0.268312,0.292055
2026-02-25T13:00:00+05:00,2026-02-25T08:00:00Z,2026-02-24T19:00:00Z,13,0.0,0.075628,0.310166,0.37814
2026-02-25T14:00:00+05:00,2026-02-25T09:00:00Z,2026-02-24T19:00:00Z,14,0.0,0.049169,0.262063,0.245845
2026-02-25T15:00:00+05:00,2026-02-25T10:00:00Z,2026-02-24T19:00:00Z,15,0.0,0.075896,0.328479,0.37948
2026-02-25T16:00:00+05:00,2026-02-25T11:00:00Z,2026-02-24T19:00:00Z,16,0.0,0.085233,0.382053,0.426165
2026-02-25T17:00:00+05:00,2026-02-25T12:00:00Z,2026-02-24T19:00:00Z,17,0.0,0.132538,0.524726,0.66269
2026-02-25T18:00:00+05:00,2026-02-25T13:00:00Z,2026-02-24T19:00:00Z,18,0.0,0.254898,0.674481,1.27449
2026-02-25T19:00:00+05:00,2026-02-25T14:00:00Z,2026-02-24T19:00:00Z,19,0.0,0.232479,0.641931,1.162395
2026-02-25T20:00:00+05:00,2026-02-25T15:00:00Z,2026-02-24T19:00:00Z,20,0.049731,0.362348,0.844637,1.81174
2026-02-25T21:00:00+05:00,2026-02-25T16:00:00Z,2026-02-24T19:00:00Z,21,0.198806,0.590794,0.943033,2.95397
2026-02-25T22:00:00+05:00,2026-02-25T17:00:00Z,2026-02-24T19:00:00Z,22,0.339502,0.738479,0.969234,3.692395
2026-02-25T23:00:00+05:00,2026-02-25T18:00:00Z,2026-02-24T19:00:00Z,23,0.450831,0.783452,0.974542,3.91726
2026-02-26T00:00:00+05:00,2026-02-25T19:00:00Z,2026-02-24T19:00:00Z,24,0.42089,0.770441,0.974437,3.852205
2026-02-26T01:00:00+05:00,2026-02-25T20:00:00Z,2026-02-24T19:00:00Z,25,0.426477,0.773143,0.977309,3.865715
2026-02-26T02:00:00+05:00,2026-02-25T21:00:00Z,2026-02-24T19:00:00Z,26,0.467171,0.786939,0.976004,3.934695
2026-02-26T03:00:00+05:00,2026-02-25T22:00:00Z,2026-02-24T19:00:00Z,27,0.466052,0.796571,0.976657,3.982855
2026-02-26T04:00:00+05:00,2026-02-25T23:00:00Z,2026-02-24T19:00:00Z,28,0.456941,0.784208,0.976864,3.92104
2026-02-26T05:00:00+05:00,2026-02-26T00:00:00Z,2026-02-24T19:00:00Z,29,0.367002,0.746054,0.972004,3.73027
2026-02-26T06:00:00+05:00,2026-02-26T01:00:00Z,2026-02-24T19:00:00Z,30,0.292609,0.684711,0.971422,3.423555
2026-02-26T07:00:00+05:00,2026-02-26T02:00:00Z,2026-02-24T19:00:00Z,31,0.307512,0.682939,0.965777,3.414695
2026-02-26T08:00:00+05:00,2026-02-26T03:00:00Z,2026-02-24T19:00:00Z,32,0.331317,0.742027,0.972456,3.710135
2026-02-26T09:00:00+05:00,2026-02-26T04:00:00Z,2026-02-24T19:00:00Z,33,0.015303,0.37912,0.869039,1.8956
2026-02-26T10:00:00+05:00,2026-02-26T05:00:00Z,2026-02-24T19:00:00Z,34,0.0,0.31611,0.793243,1.58055
2026-02-26T11:00:00+05:00,2026-02-26T06:00:00Z,2026-02-24T19:00:00Z,35,0.0689,0.490449,0.906901,2.452245
2026-02-26T12:00:00+05:00,2026-02-26T07:00:00Z,2026-02-24T19:00:00Z,36,0.010448,0.353257,0.816478,1.766285
2026-02-26T13:00:00+05:00,2026-02-26T08:00:00Z,2026-02-24T19:00:00Z,37,0.098202,0.513117,0.933997,2.565585
2026-02-26T14:00:00+05:00,2026-02-26T09:00:00Z,2026-02-24T19:00:00Z,38,0.072909,0.519192,0.93962,2.59596
2026-02-26T15:00:00+05:00,2026-02-26T10:00:00Z,2026-02-24T19:00:00Z,39,0.075954,0.469158,0.890713,2.34579
2026-02-26T16:00:00+05:00,2026-02-26T11:00:00Z,2026-02-24T19:00:00Z,40,0.0,0.399961,0.830386,1.999805
2026-02-26T17:00:00+05:00,2026-02-26T12:00:00Z,2026-02-24T19:00:00Z,41,0.235111,0.679398,0.971486,3.39699
2026-02-26T18:00:00+05:00,2026-02-26T13:00:00Z,2026-02-24T19:00:00Z,42,0.287629,0.733428,0.979423,3.66714
2026-02-26T19:00:00+05:00,2026-02-26T14:00:00Z,2026-02-24T19:00:00Z,43,0.382831,0.777706,0.977409,3.88853
2026-02-26T20:00:00+05:00,2026-02-26T15:00:00Z,2026-02-24T19:00:00Z,44,0.444976,0.795289,0.977701,3.976445
2026-02-26T21:00:00+05:00,2026-02-26T16:00:00Z,2026-02-24T19:00:00Z,45,0.496343,0.80162,0.978901,4.0081
2026-02-26T22:00:00+05:00,2026-02-26T17:00:00Z,2026-02-24T19:00:00Z,46,0.464623,0.778122,0.97535,3.89061
2026-02-26T23:00:00+05:00,2026-02-26T18:00:00Z,2026-02-24T19:00:00Z,47,0.283476,0.695102,0.980583,3.47551
2026-02-27T00:00:00+05:00,2026-02-26T19:00:00Z,2026-02-24T19:00:00Z,48,0.285296,0.693,0.97386,3.465
2026-02-26T01:00:00+05:00,2026-02-25T20:00:00Z,2026-02-25T19:00:00Z,1,0.290039,0.684944,0.972679,3.42472
2026-02-26T02:00:00+05:00,2026-02-25T21:00:00Z,2026-02-25T19:00:00Z,2,0.297525,0.650398,0.961289,3.25199
2026-02-26T03:00:00+05:00,2026-02-25T22:00:00Z,2026-02-25T19:00:00Z,3,0.433565,0.774011,0.977187,3.870055
2026-02-26T04:00:00+05:00,2026-02-25T23:00:00Z,2026-02-25T19:00:00Z,4,0.466632,0.788433,0.976549,3.942165
2026-02-26T05:00:00+05:00,2026-02-26T00:00:00Z,2026-02-25T19:00:00Z,5,0.471269,0.799064,0.975326,3.99532
2026-02-26T06:00:00+05:00,2026-02-26T01:00:00Z,2026-02-25T19:00:00Z,6,0.34619,0.714504,0.968767,3.57252
2026-02-26T07:00:00+05:00,2026-02-26T02:00:00Z,2026-02-25T19:00:00Z,7,0.275451,0.681456,0.96975,3.40728
2026-02-26T08:00:00+05:00,2026-02-26T03:00:00Z,2026-02-25T19:00:00Z,8,0.0,0.330408,0.794967,1.65204
2026-02-26T09:00:00+05:00,2026-02-26T04:00:00Z,2026-02-25T19:00:00Z,9,0.0,0.163395,0.652567,0.816975
2026-02-26T10:00:00+05:00,2026-02-26T05:00:00Z,2026-02-25T19:00:00Z,10,0.077876,0.50344,0.956619,2.5172
2026-02-26T11:00:00+05:00,2026-02-26T06:00:00Z,2026-02-25T19:00:00Z,11,0.112303,0.501518,0.917025,2.50759
2026-02-26T12:00:00+05:00,2026-02-26T07:00:00Z,2026-02-25T19:00:00Z,12,0.085893,0.502965,0.903278,2.514825
2026-02-26T13:00:00+05:00,2026-02-26T08:00:00Z,2026-02-25T19:00:00Z,13,0.007225,0.421353,0.82708,2.106765
2026-02-26T14:00:00+05:00,2026-02-26T09:00:00Z,2026-02-25T19:00:00Z,14,0.0,0.383493,0.803095,1.917465
2026-02-26T15:00:00+05:00,2026-02-26T10:00:00Z,2026-02-25T19:00:00Z,15,0.0,0.333405,0.745596,1.667025
2026-02-26T16:00:00+05:00,2026-02-26T11:00:00Z,2026-02-25T19:00:00Z,16,0.078343,0.472295,0.860988,2.361475
2026-02-26T17:00:00+05:00,2026-02-26T12:00:00Z,2026-02-25T19:00:00Z,17,0.056929,0.460974,0.882181,2.30487
2026-02-26T18:00:00+05:00,2026-02-26T13:00:00Z,2026-02-25T19:00:00Z,18,0.154816,0.571605,0.933171,2.858025
2026-02-26T19:00:00+05:00,2026-02-26T14:00:00Z,2026-02-25T19:00:00Z,19,0.189883,0.618562,0.950639,3.09281
2026-02-26T20:00:00+05:00,2026-02-26T15:00:00Z,2026-02-25T19:00:00Z,20,0.40152,0.752085,0.973333,3.760425
2026-02-26T21:00:00+05:00,2026-02-26T16:00:00Z,2026-02-25T19:00:00Z,21,0.477552,0.776952,0.974921,3.88476
2026-02-26T22:00:00+05:00,2026-02-26T17:00:00Z,2026-02-25T19:00:00Z,22,0.40666,0.743072,0.969756,3.71536
2026-02-26T23:00:00+05:00,2026-02-26T18:00:00Z,2026-02-25T19:00:00Z,23,0.271058,0.663654,0.97061,3.31827
2026-02-27T00:00:00+05:00,2026-02-26T19:00:00Z,2026-02-25T19:00:00Z,24,0.35828,0.737085,0.972122,3.685425
2026-02-27T01:00:00+05:00,2026-02-26T20:00:00Z,2026-02-25T19:00:00Z,25,0.455196,0.757067,0.977163,3.785335
2026-02-27T02:00:00+05:00,2026-02-26T21:00:00Z,2026-02-25T19:00:00Z,26,0.475915,0.773053,0.976931,3.865265
2026-02-27T03:00:00+05:00,2026-02-26T22:00:00Z,2026-02-25T19:00:00Z,27,0.479044,0.776053,0.977043,3.880265
2026-02-27T04:00:00+05:00,2026-02-26T23:00:00Z,2026-02-25T19:00:00Z,28,0.401764,0.748349,0.97153,3.741745
2026-02-27T05:00:00+05:00,2026-02-27T00:00:00Z,2026-02-25T19:00:00Z,29,0.307285,0.684121,0.975032,3.420605
2026-02-27T06:00:00+05:00,2026-02-27T01:00:00Z,2026-02-25T19:00:00Z,30,0.089747,0.450017,0.897631,2.250085
2026-02-27T07:00:00+05:00,2026-02-27T02:00:00Z,2026-02-25T19:00:00Z,31,0.03749,0.411495,0.881462,2.057475
2026-02-27T08:00:00+05:00,2026-02-27T03:00:00Z,2026-02-25T19:00:00Z,32,0.0,0.320849,0.786722,1.604245
2026-02-27T09:00:00+05:00,2026-02-27T04:00:00Z,2026-02-25T19:00:00Z,33,0.0,0.159977,0.533406,0.799885
2026-02-27T10:00:00+05:00,2026-02-27T05:00:00Z,2026-02-25T19:00:00Z,34,0.0,0.11981,0.447114,0.59905
2026-02-27T11:00:00+05:00,2026-02-27T06:00:00Z,2026-02-25T19:00:00Z,35,0.0,0.185504,0.577412,0.92752
2026-02-27T12:00:00+05:00,2026-02-27T07:00:00Z,2026-02-25T19:00:00Z,36,0.0,0.237949,0.612425,1.189745
2026-02-27T13:00:00+05:00,2026-02-27T08:00:00Z,2026-02-25T19:00:00Z,37,0.0,0.301959,0.764589,1.509795
2026-02-27T14:00:00+05:00,2026-02-27T09:00:00Z,2026-02-25T19:00:00Z,38,0.071817,0.48479,0.878112,2.42395
2026-02-27T15:00:00+05:00,2026-02-27T10:00:00Z,2026-02-25T19:00:00Z,39,0.16184,0.617654,0.956582,3.08827
2026-02-27T16:00:00+05:00,2026-02-27T11:00:00Z,2026-02-25T19:00:00Z,40,0.196876,0.640072,0.970979,3.20036
2026-02-27T17:00:00+05:00,2026-02-27T12:00:00Z,2026-02-25T19:00:00Z,41,0.556836,0.798822,0.979859,3.99411
2026-02-27T18:00:00+05:00,2026-02-27T13:00:00Z,2026-02-25T19:00:00Z,42,0.552556,0.800954,0.978734,4.00477
2026-02-27T19:00:00+05:00,2026-02-27T14:00:00Z,2026-02-25T19:00:00Z,43,0.55921,0.810399,0.983163,4.051995
2026-02-27T20:00:00+05:00,2026-02-27T15:00:00Z,2026-02-25T19:00:00Z,44,0.593399,0.81181,0.983163,4.05905
2026-02-27T21:00:00+05:00,2026-02-27T16:00:00Z,2026-02-25T19:00:00Z,45,0.54104,0.817335,0.983497,4.086675
2026-02-27T22:00:00+05:00,2026-02-27T17:00:00Z,2026-02-25T19:00:00Z,46,0.329495,0.741656,0.974066,3.70828
2026-02-27T23:00:00+05:00,2026-02-27T18:00:00Z,2026-02-25T19:00:00Z,47,0.01986,0.399569,0.859999,1.997845
2026-02-28T00:00:00+05:00,2026-02-27T19:00:00Z,2026-02-25T19:00:00Z,48,0.031425,0.417308,0.860841,2.08654
2026-02-27T01:00:00+05:00,2026-02-26T20:00:00Z,2026-02-26T19:00:00Z,1,0.144522,0.546282,0.927853,2.73141
2026-02-27T02:00:00+05:00,2026-02-26T21:00:00Z,2026-02-26T19:00:00Z,2,0.115524,0.502204,0.905185,2.51102
2026-02-27T03:00:00+05:00,2026-02-26T22:00:00Z,2026-02-26T19:00:00Z,3,0.123726,0.519101,0.90838,2.595505
2026-02-27T04:00:00+05:00,2026-02-26T23:00:00Z,2026-02-26T19:00:00Z,4,0.093269,0.474078,0.890541,2.37039
2026-02-27T05:00:00+05:00,2026-02-27T00:00:00Z,2026-02-26T19:00:00Z,5,0.03708,0.401623,0.830912,2.008115
2026-02-27T06:00:00+05:00,2026-02-27T01:00:00Z,2026-02-26T19:00:00Z,6,0.0,0.331486,0.71605,1.65743
2026-02-27T07:00:00+05:00,2026-02-27T02:00:00Z,2026-02-26T19:00:00Z,7,0.0,0.23874,0.598467,1.1937
2026-02-27T08:00:00+05:00,2026-02-27T03:00:00Z,2026-02-26T19:00:00Z,8,0.0,0.172708,0.513869,0.86354
2026-02-27T09:00:00+05:00,2026-02-27T04:00:00Z,2026-02-26T19:00:00Z,9,0.0,0.126387,0.443611,0.631935
2026-02-27T10:00:00+05:00,2026-02-27T05:00:00Z,2026-02-26T19:00:00Z,10,0.0,0.129751,0.493902,0.648755
2026-02-27T11:00:00+05:00,2026-02-27T06:00:00Z,2026-02-26T19:00:00Z,11,0.0,0.214801,0.613393,1.074005
2026-02-27T12:00:00+05:00,2026-02-27T07:00:00Z,2026-02-26T19:00:00Z,12,0.0,0.278501,0.657283,1.392505
2026-02-27T13:00:00+05:00,2026-02-27T08:00:00Z,2026-02-26T19:00:00Z,13,0.003857,0.344659,0.769142,1.723295
2026-02-27T14:00:00+05:00,2026-02-27T09:00:00Z,2026-02-26T19:00:00Z,14,0.029108,0.405053,0.845199,2.025265
2026-02-27T15:00:00+05:00,2026-02-27T10:00:00Z,2026-02-26T19:00:00Z,15,0.077131,0.48394,0.878172,2.4197
2026-02-27T16:00:00+05:00,2026-02-27T11:00:00Z,2026-02-26T19:00:00Z,16,0.085061,0.541396,0.932148,2.70698
2026-02-27T17:00:00+05:00,2026-02-27T12:00:00Z,2026-02-26T19:00:00Z,17,0.221601,0.641038,0.969414,3.20519
2026-02-27T18:00:00+05:00,2026-02-27T13:00:00Z,2026-02-26T19:00:00Z,18,0.211323,0.635468,0.969944,3.17734
2026-02-27T19:00:00+05:00,2026-02-27T14:00:00Z,2026-02-26T19:00:00Z,19,0.295456,0.671085,0.970025,3.355425
2026-02-27T20:00:00+05:00,2026-02-27T15:00:00Z,2026-02-26T19:00:00Z,20,0.232903,0.637013,0.960572,3.185065
2026-02-27T21:00:00+05:00,2026-02-27T16:00:00Z,2026-02-26T19:00:00Z,21,0.130883,0.508917,0.911822,2.544585
2026-02-27T22:00:00+05:00,2026-02-27T17:00:00Z,2026-02-26T19:00:00Z,22,0.080243,0.472014,0.877524,2.36007
2026-02-27T23:00:00+05:00,2026-02-27T18:00:00Z,2026-02-26T19:00:00Z,23,0.0,0.316221,0.785614,1.581105
2026-02-28T00:00:00+05:00,2026-02-27T19:00:00Z,2026-02-26T19:00:00Z,24,0.02433,0.399098,0.830952,1.99549
2026-02-28T01:00:00+05:00,2026-02-27T20:00:00Z,2026-02-26T19:00:00Z,25,0.027167,0.403876,0.835443,2.01938
2026-02-28T02:00:00+05:00,2026-02-27T21:00:00Z,2026-02-26T19:00:00Z,26,0.059575,0.442374,0.87376,2.21187
2026-02-28T03:00:00+05:00,2026-02-27T22:00:00Z,2026-02-26T19:00:00Z,27,0.068087,0.473409,0.893392,2.367045
2026-02-28T04:00:00+05:00,2026-02-27T23:00:00Z,2026-02-26T19:00:00Z,28,0.327032,0.692616,0.97118,3.46308
2026-02-28T05:00:00+05:00,2026-02-28T00:00:00Z,2026-02-26T19:00:00Z,29,0.327999,0.693988,0.969809,3.46994
2026-02-28T06:00:00+05:00,2026-02-28T01:00:00Z,2026-02-26T19:00:00Z,30,0.290739,0.674061,0.96959,3.370305
2026-02-28T07:00:00+05:00,2026-02-28T02:00:00Z,2026-02-26T19:00:00Z,31,0.292739,0.683236,0.969716,3.41618
2026-02-28T08:00:00+05:00,2026-02-28T03:00:00Z,2026-02-26T19:00:00Z,32,0.210876,0.643742,0.957279,3.21871
2026-02-28T09:00:00+05:00,2026-02-28T04:00:00Z,2026-02-26T19:00:00Z,33,0.279295,0.671885,0.964601,3.359425
2026-02-28T10:00:00+05:00,2026-02-28T05:00:00Z,2026-02-26T19:00:00Z,34,0.281049,0.674792,0.969204,3.37396
2026-02-28T11:00:00+05:00,2026-02-28T06:00:00Z,2026-02-26T19:00:00Z,35,0.293724,0.697816,0.97135,3.48908
2026-02-28T12:00:00+05:00,2026-02-28T07:00:00Z,2026-02-26T19:00:00Z,36,0.356361,0.7391,0.968896,3.6955
2026-02-28T13:00:00+05:00,2026-02-28T08:00:00Z,2026-02-26T19:00:00Z,37,0.365777,0.753081,0.97186,3.765405
2026-02-28T14:00:00+05:00,2026-02-28T09:00:00Z,2026-02-26T19:00:00Z,38,0.246001,0.686539,0.968532,3.432695
2026-02-28T15:00:00+05:00,2026-02-28T10:00:00Z,2026-02-26T19:00:00Z,39,0.287247,0.683823,0.968995,3.419115
2026-02-28T16:00:00+05:00,2026-02-28T11:00:00Z,2026-02-26T19:00:00Z,40,0.135609,0.564364,0.925438,2.82182
2026-02-28T17:00:00+05:00,2026-02-28T12:00:00Z,2026-02-26T19:00:00Z,41,0.092192,0.47379,0.888898,2.36895
2026-02-28T18:00:00+05:00,2026-02-28T13:00:00Z,2026-02-26T19:00:00Z,42,0.196657,0.603025,0.957355,3.015125
2026-02-28T19:00:00+05:00,2026-02-28T14:00:00Z,2026-02-26T19:00:00Z,43,0.09423,0.530492,0.941016,2.65246
2026-02-28T20:00:00+05:00,2026-02-28T15:00:00Z,2026-02-26T19:00:00Z,44,0.115292,0.459887,0.903786,2.299435
2026-02-28T21:00:00+05:00,2026-02-28T16:00:00Z,2026-02-26T19:00:00Z,45,0.0,0.267641,0.777651,1.338205
2026-02-28T22:00:00+05:00,2026-02-28T17:00:00Z,2026-02-26T19:00:00Z,46,0.0,0.257091,0.775592,1.285455
2026-02-28T23:00:00+05:00,2026-02-28T18:00:00Z,2026-02-26T19:00:00Z,47,0.0,0.247464,0.640004,1.23732
2026-03-01T00:00:00+05:00,2026-02-28T19:00:00Z,2026-02-26T19:00:00Z,48,0.0,0.13202,0.493682,0.6601
